Date,Close,Open,High,Low,Vol.,Change %
19-09-2024,74.88,73.13,75.18,72.91,299.01,1.67
18-09-2024,73.65,73.69,74.1,72.31,290.81,-0.07
17-09-2024,73.7,72.91,74.28,72.17,274.59,1.31
16-09-2024,72.75,72.09,73.39,71.52,232.18,1.59
13-09-2024,71.61,72.3,73.24,71.46,260.64,-0.5
12-09-2024,71.97,70.6,72.87,70.59,361.87,1.93
11-09-2024,70.61,69.68,71.09,69,354.35,2.05
10-09-2024,69.19,71.92,72.28,68.68,395.71,-3.69
09-09-2024,71.84,71.66,72.21,70.65,314.52,1.1
06-09-2024,71.06,72.81,73.53,70.61,374.05,-2.24
05-09-2024,72.69,72.76,74.2,72.37,394.47,-0.01
04-09-2024,72.7,73.67,74.8,72.35,523.5,-1.42
03-09-2024,73.75,77.16,77.55,73.51,568.05,-4.86
02-09-2024,77.52,76.95,77.63,76.21,181.37,-1.62
30-08-2024,78.8,79.92,80.6,78.57,17.11,-1.43
29-08-2024,79.94,78.52,80.78,78.12,97.64,1.64
28-08-2024,78.65,79.87,80.01,77.95,121.16,-1.13
27-08-2024,79.55,81.26,81.59,79.47,238.22,-2.31
26-08-2024,81.43,79.35,81.58,79.24,234.38,3.05
23-08-2024,79.02,77.25,79.27,77.03,216.34,2.33
22-08-2024,77.22,75.96,77.7,75.77,277.53,1.54
21-08-2024,76.05,77.13,78.21,75.65,323.32,-1.49
20-08-2024,77.2,77.66,78.35,76.55,367.14,-0.59
19-08-2024,77.66,79.6,79.81,77.48,366.54,-2.54
16-08-2024,79.68,80.86,81.02,78.62,320.91,-1.68
15-08-2024,81.04,79.96,81.43,79.61,270.93,1.6
14-08-2024,79.76,81,81.44,79.6,359.13,-1.15
13-08-2024,80.69,81.88,82.3,80.55,356.46,-1.96
12-08-2024,82.3,79.56,82.4,79.46,328.38,3.31
09-08-2024,79.66,79.03,79.83,78.77,213.07,0.63
08-08-2024,79.16,78.55,79.37,77.63,320.08,1.06
07-08-2024,78.33,76.16,78.87,75.95,444.74,2.42
06-08-2024,76.48,77.45,77.85,75.58,393.03,0.24
05-08-2024,76.3,77.61,77.74,75.05,557.81,-0.66
02-08-2024,76.81,79.98,80.46,76.42,501.31,-3.41
01-08-2024,79.52,81.44,81.8,79.43,364.93,-1.49
31-07-2024,80.72,79.02,80.95,79.02,12.09,2.66
30-07-2024,78.63,79.64,79.99,78.43,87.78,-1.44
29-07-2024,79.78,81.3,81.74,79.36,132.25,-1.66
26-07-2024,81.13,82.4,82.71,80.33,204.95,-1.51
25-07-2024,82.37,81.58,82.53,80.09,332.16,0.81
24-07-2024,81.71,81.46,82.23,80.93,298.2,0.86
23-07-2024,81.01,82.25,82.79,80.51,384.32,-1.69
22-07-2024,82.4,82.8,83.22,81.6,341.72,-0.28
19-07-2024,82.63,84.72,85.35,82.56,362.34,-2.91
18-07-2024,85.11,85.23,85.81,84.22,368.32,0.04
17-07-2024,85.08,83.66,85.2,83.43,325.4,1.61
16-07-2024,83.73,84.78,84.86,83.3,327.85,-1.32
15-07-2024,84.85,85.1,85.37,84.42,229.27,-0.21
12-07-2024,85.03,85.69,86.35,84.95,363.93,-0.43
11-07-2024,85.4,85.45,85.89,84.64,336.7,0.38
10-07-2024,85.08,84.92,85.66,84,401.56,0.5
09-07-2024,84.66,85.67,85.85,84.53,354.29,-1.27
08-07-2024,85.75,86.74,86.92,85.56,303.58,-0.91
05-07-2024,86.54,87.45,87.95,86.49,265.3,-1.02
04-07-2024,87.43,87.09,87.59,86.51,179.04,0.1
03-07-2024,87.34,86.44,87.39,85.89,334.82,1.28
02-07-2024,86.24,86.71,87.46,86.16,429.15,-0.42
01-07-2024,86.6,84.9,86.88,84.85,401.36,0.22
28-06-2024,86.41,86.56,87.22,86.24,20.94,0.02
27-06-2024,86.39,85.01,86.5,84.88,119.99,1.34
26-06-2024,85.25,84.89,85.81,84.47,142.86,0.28
25-06-2024,85.01,86.06,86.23,84.74,197.5,-1.16
24-06-2024,86.01,84.99,86.16,84.71,179.76,0.9
21-06-2024,85.24,85.66,86.24,84.84,240.12,-0.55
20-06-2024,85.71,85.19,85.96,84.95,256.46,0.75
19-06-2024,85.07,85.4,85.84,84.9,251.83,-0.3
18-06-2024,85.33,84.31,85.49,83.67,402.24,1.28
17-06-2024,84.25,82.61,84.55,82.1,359.72,2.64
14-06-2024,82.08,81.71,82.92,81.55,308.91,-0.27
13-06-2024,82.3,81.96,82.6,81.4,279.64,0.18
12-06-2024,82.15,81.75,82.9,81.57,260.33,0.75
11-06-2024,81.54,81.46,81.96,80.85,259.22,0.38
10-06-2024,81.23,79.18,81.73,79.08,238.25,2.38
07-06-2024,79.34,79.66,80.02,79.05,201.17,-0.2
06-06-2024,79.5,78.3,79.68,78.06,281.44,1.87
05-06-2024,78.04,77.08,78.28,76.94,257.85,1
04-06-2024,77.27,78.02,78.08,76.66,346.39,-1.21
03-06-2024,78.22,80.92,81.4,77.94,317.47,-4.17
31-05-2024,81.62,81.74,82.18,81.17,17.29,-0.29
30-05-2024,81.86,83.51,83.77,81.8,105.41,-2.08
29-05-2024,83.6,84.61,85.02,83.29,127.27,-0.74
28-05-2024,84.22,83,84.62,83,184.26,1.35
27-05-2024,83.1,82.2,83.2,82.08,56.71,1.19
24-05-2024,82.12,81.4,82.46,80.65,180.64,0.93
23-05-2024,81.36,81.59,82.97,80.93,322.41,-0.66
22-05-2024,81.9,82.58,82.63,81.57,347.6,-1.18
21-05-2024,82.88,83.75,83.76,82.04,388.56,-0.99
20-05-2024,83.71,83.98,84.49,83.11,299.83,-0.32
17-05-2024,83.98,83.43,84.04,83.08,277.18,0.85
16-05-2024,83.27,83.03,83.78,82.31,305.71,0.63
15-05-2024,82.75,82.76,83.07,81.05,385.98,0.45
14-05-2024,82.38,83.41,83.62,82.1,333.57,-1.18
13-05-2024,83.36,82.78,83.84,82.26,331.78,0.69
10-05-2024,82.79,84.21,84.53,82.7,311.45,-1.3
09-05-2024,83.88,83.79,84.33,83.45,309.45,0.36
08-05-2024,83.58,83.02,83.82,81.71,395.43,0.51
07-05-2024,83.16,83.72,83.88,82.41,365.21,-0.2
06-05-2024,83.33,82.99,83.83,82.77,222.39,0.45
03-05-2024,82.96,83.9,84.39,82.78,335.57,-0.85
02-05-2024,83.67,83.59,84.44,83.05,392.64,0.28
01-05-2024,83.44,85.8,85.89,83.29,482.83,-5.03
30-04-2024,87.86,88.41,88.79,87.46,14.19,-0.61
29-04-2024,88.4,89.22,89.29,88.11,99.95,-1.23
26-04-2024,89.5,89.23,89.83,88.78,113.7,0.55
25-04-2024,89.01,87.89,89.31,87.31,241.35,1.12
24-04-2024,88.02,88.45,88.86,87.65,241.64,-0.45
23-04-2024,88.42,87.2,88.51,86.03,341.78,1.63
22-04-2024,87,87.07,87.26,85.79,372.13,-0.33
19-04-2024,87.29,87.04,90.75,86.19,499.71,0.21
18-04-2024,87.11,87.42,87.8,86.09,433.24,-0.21
17-04-2024,87.29,90.11,90.17,87.13,462.93,-3.03
16-04-2024,90.02,90.43,90.84,89.41,323.52,-0.09
15-04-2024,90.1,90.95,91.05,88.73,410.36,-0.39
12-04-2024,90.45,90.13,92.18,90.01,401.22,0.79
11-04-2024,89.74,90.52,90.92,89.38,377.53,-0.82
10-04-2024,90.48,89.55,90.71,88.83,371.23,1.19
09-04-2024,89.42,90.63,90.94,89.25,346.43,-1.06
08-04-2024,90.38,90.09,91.1,88.78,392.34,-0.87
05-04-2024,91.17,91.21,91.91,90.57,390.78,0.57
04-04-2024,90.65,89.48,91.3,88.72,390.95,1.45
03-04-2024,89.35,89.22,89.99,88.67,367.37,0.48
02-04-2024,88.92,87.62,89.32,87.62,427.94,1.72
01-04-2024,87.42,86.98,87.98,86.4,274.96,-0.07
28-03-2024,87.48,86.41,87.52,86.3,18.69,1.61
27-03-2024,86.09,85.86,86.39,85.17,96.51,-0.19
26-03-2024,86.25,86.81,87.06,85.8,126.82,-0.58
25-03-2024,86.75,85.5,87.17,85.4,175,1.55
22-03-2024,85.43,85.66,86.15,85.11,168.35,-0.41
21-03-2024,85.78,86.24,86.64,85.06,271.87,-0.2
20-03-2024,85.95,87.15,87.35,85.59,386.3,-1.64
19-03-2024,87.38,86.94,87.7,86.48,367.42,0.56
18-03-2024,86.89,85.32,87.18,85.25,390.07,1.82
15-03-2024,85.34,85.15,85.55,84.6,287.01,-0.09
14-03-2024,85.42,84.04,85.69,83.98,383.73,1.65
13-03-2024,84.03,82.45,84.24,81.96,391.69,2.58
12-03-2024,81.92,82.45,83.01,81.69,320.25,-0.35
11-03-2024,82.21,82,82.75,81.08,347.33,0.16
08-03-2024,82.08,83.18,83.84,81.71,320.3,-1.06
07-03-2024,82.96,82.92,83.53,82.07,374.57,0
06-03-2024,82.96,82.01,84.05,81.85,372.05,1.12
05-03-2024,82.04,82.74,83.14,81.72,450.4,-0.92
04-03-2024,82.8,83.5,84.08,82.57,369.83,-0.9
01-03-2024,83.55,82.07,84.34,81.81,402.47,-0.08
29-02-2024,83.62,83.23,83.9,83.05,16.34,-0.07
28-02-2024,83.68,83.3,84.31,82.6,107.85,0.04
27-02-2024,83.65,82.64,83.7,82.1,79.81,1.36
26-02-2024,82.53,81.41,83.07,81,180.34,1.11
23-02-2024,81.62,83.39,83.48,81.43,226.4,-2.45
22-02-2024,83.67,83.2,83.96,82.33,275.28,0.77
21-02-2024,83.03,82.5,83.17,81.66,305.18,0.84
20-02-2024,82.34,83.24,83.63,82.05,297.03,-1.46
19-02-2024,83.56,83.28,83.6,82.55,185.06,0.11
16-02-2024,83.47,82.79,83.66,81.89,337.06,0.74
15-02-2024,82.86,81.42,83.25,80.72,330.45,1.54
14-02-2024,81.6,82.6,83.6,81.39,344.36,-1.41
13-02-2024,82.77,82,83.24,81.96,331.8,0.94
12-02-2024,82,81.94,82.19,80.77,246.24,-0.23
09-02-2024,82.19,81.72,82.45,81.21,315.32,0.69
08-02-2024,81.63,79.3,81.9,79.03,436.5,3.06
07-02-2024,79.21,78.7,79.5,78.49,291.68,0.79
06-02-2024,78.59,77.95,79.08,77.63,305.61,0.77
05-02-2024,77.99,77.9,78.33,76.62,293.37,0.85
02-02-2024,77.33,79.15,79.44,76.85,411.75,-1.74
01-02-2024,78.7,80.57,81.55,78.57,525.77,-3.68
31-01-2024,81.71,82.94,82.94,81.59,14.38,-1.4
30-01-2024,82.87,82.62,83.3,81.34,89.31,0.57
29-01-2024,82.4,84.13,84.8,82.03,129.91,-1.38
26-01-2024,83.55,82.44,83.81,81.31,240.25,1.36
25-01-2024,82.43,80.31,82.57,80.06,248.18,2.99
24-01-2024,80.04,79.56,80.73,79.05,230.75,0.62
23-01-2024,79.55,79.92,80.43,78.7,331.1,-0.64
22-01-2024,80.06,78.89,80.55,77.81,319.71,1.91
19-01-2024,78.56,79.1,79.73,78.32,282.31,-0.68
18-01-2024,79.1,78.15,79.3,77.33,325.29,1.57
17-01-2024,77.88,77.77,78.19,76.5,355.4,-0.52
16-01-2024,78.29,78.43,79.4,77.6,298.55,0.18
15-01-2024,78.15,78.14,78.9,76.85,177.69,-0.18
12-01-2024,78.29,78.75,80.75,77.96,401.34,1.14
11-01-2024,77.41,76.7,79.1,76.66,396.77,0.79
10-01-2024,76.8,77.48,78.73,76.38,353.7,-1.02
09-01-2024,77.59,76.3,78.19,75.95,346.79,1.93
08-01-2024,76.12,78.7,78.95,75.26,342.63,-3.35
05-01-2024,78.76,77.71,79.26,77.66,291,1.51
04-01-2024,77.59,78.56,79.41,76.5,356.65,-0.84
03-01-2024,78.25,76.06,78.67,74.79,361.77,3.11
02-01-2024,75.89,77.39,79.06,75.6,338.35,-1.49
29-12-2023,77.04,77.38,77.98,76.73,192.95,-1.72
28-12-2023,78.39,79.8,79.95,78.25,18.78,-1.58
27-12-2023,79.65,80.79,81.33,79.29,70.39,-1.75
26-12-2023,81.07,79.04,81.72,78.76,59.74,2.53
22-12-2023,79.07,79.35,80.37,78.88,119.19,-0.4
21-12-2023,79.39,79,80.13,77.81,193.32,-0.39
20-12-2023,79.7,79.17,80.6,79.07,241.81,0.59
19-12-2023,79.23,78.06,79.67,77.41,214.68,1.64
18-12-2023,77.95,76.8,79.51,75.76,279.47,1.83
15-12-2023,76.55,76.66,77.23,75.29,223.09,-0.08
14-12-2023,76.61,74.76,77.35,74.44,257.52,3.16
13-12-2023,74.26,73.26,74.7,72.29,260.18,1.39
12-12-2023,73.24,76.17,76.66,72.86,310.09,-3.67
11-12-2023,76.03,75.73,76.5,75.01,212.76,0.25
08-12-2023,75.84,74.59,76.36,74.2,228.45,2.42
07-12-2023,74.05,74.5,75.48,73.6,297.94,-0.34
06-12-2023,74.3,77.12,77.65,74.11,385.4,-3.76
05-12-2023,77.2,78.1,79.09,77,352.89,-1.06
04-12-2023,78.03,79.5,79.72,77.52,388.38,-1.08
01-12-2023,78.88,80.67,81.54,78.75,350.25,-4.77
30-11-2023,82.83,82.78,84.75,82.58,15.08,-0.32
29-11-2023,83.1,81.91,83.25,80.96,98.24,1.74
28-11-2023,81.68,80.19,82.16,79.8,112.5,2.13
27-11-2023,79.98,80.4,81.17,79.13,157.36,-0.74
24-11-2023,80.58,81.4,82.2,80.13,114.14,-1.03
23-11-2023,81.42,81.6,81.63,80.19,108.32,-0.66
22-11-2023,81.96,82.47,82.65,78.41,367.18,-0.59
21-11-2023,82.45,82.13,82.54,81.43,238.51,0.16
20-11-2023,82.32,80.3,82.94,79.58,248.33,2.12
17-11-2023,80.61,77.55,80.81,77.28,340.03,4.12
16-11-2023,77.42,80.98,81.17,76.6,441.64,-4.63
15-11-2023,81.18,82.39,83.04,80.79,299.42,-1.56
14-11-2023,82.47,82.71,83.97,82.06,248.94,-0.06
13-11-2023,82.52,81.43,82.84,80.41,243.3,1.34
10-11-2023,81.43,79.85,82.06,79.79,249.55,1.77
09-11-2023,80.01,79.7,81.48,79.44,306.11,0.59
08-11-2023,79.54,81.4,81.96,79.2,420.7,-2.54
07-11-2023,81.61,85.15,85.19,81.4,402.76,-4.19
06-11-2023,85.18,85.55,86.46,84.88,239.23,0.34
03-11-2023,84.89,86.92,87.8,84.56,354.85,-2.26
02-11-2023,86.85,85,87.05,84.64,301.87,2.62
01-11-2023,84.63,85.45,87.24,84.58,321.66,-3.18
31-10-2023,87.41,87.9,88.61,87.4,13.68,-0.05
30-10-2023,87.45,90.07,90.15,87.2,99.04,-3.35
27-10-2023,90.48,88.4,90.75,87.83,109.14,2.9
26-10-2023,87.93,89.92,90.4,87.53,198.64,-2.44
25-10-2023,90.13,88.04,90.35,86.68,290.91,2.34
24-10-2023,88.07,90.47,90.68,87.35,304.12,-1.96
23-10-2023,89.83,92.11,92.45,89.62,282.44,-2.53
20-10-2023,92.16,93.23,93.79,91.66,272.72,-0.24
19-10-2023,92.38,91.35,93.48,89.57,309,0.96
18-10-2023,91.5,91.25,93,90.6,348.19,1.78
17-10-2023,89.9,89.91,91,88.88,252.83,0.28
16-10-2023,89.65,90.98,91.39,89.5,283.25,-1.36
13-10-2023,90.89,86.35,91,86.28,424.71,5.69
12-10-2023,86,85.53,87.64,85.18,370.44,0.21
11-10-2023,85.82,87.72,88.26,85.21,402.31,-2.09
10-10-2023,87.65,88.17,88.49,86.91,352.11,-0.57
09-10-2023,88.15,86.45,89,86,412.76,4.22
06-10-2023,84.58,84.49,84.95,83.44,424.46,0.61
05-10-2023,84.07,85.88,86.52,83.84,510.68,-2.03
04-10-2023,85.81,91.04,91.21,85.75,525.56,-5.62
03-10-2023,90.92,90.4,91.56,89.5,437.64,0.23
02-10-2023,90.71,92.18,93.33,90.35,423.48,-4.83
29-09-2023,95.31,95.07,96.26,94.9,12.84,-0.07
28-09-2023,95.38,96.74,97.69,94.76,91.45,-1.21
27-09-2023,96.55,94.12,97.06,94.1,146.72,2.76
26-09-2023,93.96,93.28,94.21,91.8,169.45,0.72
25-09-2023,93.29,93.75,94.25,92.54,177.62,0.02
22-09-2023,93.27,93.37,94.64,92.8,240.04,-0.03
21-09-2023,93.3,93.08,94.6,92.2,314.69,-0.25
20-09-2023,93.53,94.49,94.72,92.76,330.59,-0.86
19-09-2023,94.34,94.66,95.96,94.16,403.4,-0.1
18-09-2023,94.43,94.28,94.95,93.79,337.78,0.53
15-09-2023,93.93,94.02,94.63,92.67,316.9,0.25
14-09-2023,93.7,92.04,94.21,92.02,310,1.98
13-09-2023,91.88,92.04,92.84,91.63,302.75,-0.2
12-09-2023,92.06,90.62,92.4,90.52,336.57,1.57
11-09-2023,90.64,90.83,91.45,90.11,303.42,-0.01
08-09-2023,90.65,89.79,91.02,89.3,298.14,0.81
07-09-2023,89.92,90.81,90.89,89.46,213.02,-0.75
06-09-2023,90.6,90.12,91.1,89.25,282.91,0.62
05-09-2023,90.04,88.91,91.15,88.06,428.45,1.17
04-09-2023,89,88.95,89.22,88.26,140.67,0.51
01-09-2023,88.55,86.82,88.99,86.74,380.76,1.95
31-08-2023,86.86,86,86.94,85.74,11.27,1.16
30-08-2023,85.86,85.62,86.23,85.11,86.74,0.43
29-08-2023,85.49,84.39,85.65,83.8,115.36,1.27
28-08-2023,84.42,84.87,85.23,84.11,88.35,-0.07
25-08-2023,84.48,83.26,84.97,82.67,230.35,1.34
24-08-2023,83.36,82.95,83.62,81.97,253.84,0.18
23-08-2023,83.21,83.99,84.26,81.94,361.61,-0.98
22-08-2023,84.03,84.46,84.66,83.85,287.35,-0.51
21-08-2023,84.46,84.8,85.86,84.31,289.24,-0.4
18-08-2023,84.8,83.88,85.08,83.33,287.97,0.81
17-08-2023,84.12,83.2,84.88,83.05,305.58,0.8
16-08-2023,83.45,85.2,85.36,83.13,334.45,-1.7
15-08-2023,84.89,86.12,86.68,84.29,305.41,-1.53
14-08-2023,86.21,86.53,86.71,85.5,267.09,-0.69
11-08-2023,86.81,86.37,87.35,85.84,318.06,0.47
10-08-2023,86.4,87.39,88.1,86.2,337.57,-1.31
09-08-2023,87.55,86,87.65,85.91,388.3,1.6
08-08-2023,86.17,85.79,86.34,83.32,375.87,0.97
07-08-2023,85.34,86.23,86.73,85.03,259.62,-1.04
04-08-2023,86.24,85.31,86.65,85.06,268.75,1.29
03-08-2023,85.14,83.46,85.41,82.36,392.61,2.33
02-08-2023,83.2,85.86,85.99,82.74,399.19,-2.01
01-08-2023,84.91,85.24,85.91,84.21,297.77,-0.76
31-07-2023,85.56,84.95,85.8,84.4,16.53,0.67
28-07-2023,84.99,83.71,85.09,83.22,102.84,0.89
27-07-2023,84.24,82.93,84.5,82.93,110.65,1.59
26-07-2023,82.92,83.19,83.85,82.58,173.82,-0.86
25-07-2023,83.64,82.85,83.87,82.22,234.66,1.09
24-07-2023,82.74,80.95,83.16,80.42,295.1,2.06
21-07-2023,81.07,79.78,81.24,79.65,294.35,1.8
20-07-2023,79.64,79.33,80.27,78.66,236.41,0.23
19-07-2023,79.46,79.84,80.93,79.17,311.44,-0.21
18-07-2023,79.63,78.52,79.99,78.19,366.47,1.44
17-07-2023,78.5,79.36,80.64,78.25,341.16,-1.72
14-07-2023,79.87,81.64,81.7,79.53,311.23,-1.83
13-07-2023,81.36,80.19,81.75,79.88,416.12,1.56
12-07-2023,80.11,79.32,80.55,79.21,362.33,0.89
11-07-2023,79.4,77.82,79.5,77.63,333.84,2.2
10-07-2023,77.69,78.6,78.77,77.36,288.4,-0.99
07-07-2023,78.47,76.52,78.54,76.03,331.53,2.55
06-07-2023,76.52,76.7,77.09,75.03,0.43,-0.17
05-07-2023,76.65,76.03,76.95,75.3,293.74,0.52
04-07-2023,76.25,74.89,76.29,74.74,157.96,2.14
03-07-2023,74.65,75.11,76.6,74.56,328,-0.33
30-06-2023,74.9,74.22,75.4,74.21,14.7,0.75
29-06-2023,74.34,73.72,74.98,73.39,72.87,0.42
28-06-2023,74.03,72.62,74.2,71.57,91.45,2.45
27-06-2023,72.26,74.28,74.9,72.08,161.15,-2.59
26-06-2023,74.18,74.5,74.85,73.42,150.17,0.45
23-06-2023,73.85,74.02,74.44,72.11,169.54,-0.39
22-06-2023,74.14,77.03,77.2,73.59,329.53,-3.86
21-06-2023,77.12,75.54,77.24,75.52,236.55,1.61
20-06-2023,75.9,76.12,77.15,74.51,276.38,-0.25
19-06-2023,76.09,76.4,76.93,75.34,141.42,-0.68
16-06-2023,76.61,75.64,76.74,75.08,256.25,1.24
15-06-2023,75.67,73.41,75.97,72.91,260.41,3.37
14-06-2023,73.2,74.05,75.49,73.03,318.37,-1.47
13-06-2023,74.29,72.11,74.66,71.94,321.15,3.41
12-06-2023,71.84,74.87,74.87,71.58,358.5,-3.94
09-06-2023,74.79,75.53,76.57,74.71,260.2,-1.54
08-06-2023,75.96,76.8,77.68,73.58,393.89,-1.29
07-06-2023,76.95,76.22,77.64,75.51,325.63,0.87
06-06-2023,76.29,76.55,76.75,74.72,304.58,-0.55
05-06-2023,76.71,77.68,78.73,76.31,384,0.76
02-06-2023,76.13,74.28,76.5,74.18,273.54,2.49
01-06-2023,74.28,72.15,75.25,72.03,349.92,2.23
31-05-2023,72.66,73.6,73.81,71.39,20.11,-1.2
30-05-2023,73.54,76.98,77.57,73.2,112.18,-4.58
29-05-2023,77.07,77.39,77.75,76.15,31.55,0.16
26-05-2023,76.95,76.09,77.35,75.73,150.62,0.9
25-05-2023,76.26,78.22,78.5,75.1,237.72,-2.68
24-05-2023,78.36,77.7,78.66,77.03,285.99,1.98
23-05-2023,76.84,76.15,77.74,75.65,287.23,1.12
22-05-2023,75.99,75.63,76.46,74.55,241.96,0.54
19-05-2023,75.58,76.03,77.5,75.12,240.53,-0.37
18-05-2023,75.86,76.78,76.99,75.5,232,-1.43
17-05-2023,76.96,74.67,77.31,74.1,297.06,2.74
16-05-2023,74.91,75.55,75.95,74.5,216.2,-0.43
15-05-2023,75.23,74.15,75.75,73.49,240.52,1.43
12-05-2023,74.17,75.35,75.85,74.03,259.22,-1.08
11-05-2023,74.98,76.62,77.41,74.61,345.16,-1.87
10-05-2023,76.41,77.36,77.6,75.68,311.37,-1.33
09-05-2023,77.44,76.71,77.5,75.07,283.41,0.56
08-05-2023,77.01,75.23,77.43,74.95,185.75,2.27
05-05-2023,75.3,72.69,75.75,72.41,265.07,3.86
04-05-2023,72.5,71.28,73.72,71.28,362.23,0.24
03-05-2023,72.33,75.31,75.58,71.7,469.62,-3.97
02-05-2023,75.32,79.28,79.78,75.07,383.59,-5.03
01-05-2023,79.31,80.11,80.24,78.13,146.56,-0.29
28-04-2023,79.54,78.25,79.61,77.69,13.3,1.49
27-04-2023,78.37,77.77,78.61,77.39,104.39,0.88
26-04-2023,77.69,80.92,81.47,77.46,172.82,-3.81
25-04-2023,80.77,82.59,83.06,80.35,209.28,-2.37
24-04-2023,82.73,81.87,82.99,80.48,197.9,1.31
21-04-2023,81.66,80.79,82.05,80.45,196.85,0.69
20-04-2023,81.1,82.75,82.92,80.77,302.9,-2.43
19-04-2023,83.12,84.9,85.15,82.39,333.22,-1.95
18-04-2023,84.77,84.74,85.41,83.81,315.7,0.01
17-04-2023,84.76,86.43,86.52,84.34,261.81,-1.8
14-04-2023,86.31,86.18,86.87,85.53,262.58,0.26
13-04-2023,86.09,87.19,87.47,86.05,291.94,-1.42
12-04-2023,87.33,85.59,87.49,85.39,347.8,2.01
11-04-2023,85.61,84.24,85.67,83.75,262.67,1.7
10-04-2023,84.18,85.1,85.66,84.09,140.53,-1.1
06-04-2023,85.12,84.89,85.45,84.05,259.62,0.15
05-04-2023,84.99,85.22,85.54,84.01,246.48,0.06
04-04-2023,84.94,84.89,86.04,83.82,308.53,0.01
03-04-2023,84.93,86,86.44,83.5,478.31,6.47
31-03-2023,79.77,79.19,79.8,78.54,6.85,0.63
30-03-2023,79.27,78.23,79.55,77.86,62.92,1.26
29-03-2023,78.28,78.97,79.68,77.94,79.54,-0.47
28-03-2023,78.65,78.23,79.2,77.54,145.68,0.68
27-03-2023,78.12,75,78.42,74.8,146.95,4.17
24-03-2023,74.99,75.53,76.32,72.68,156.31,-1.21
23-03-2023,75.91,75.87,77.44,75.12,199.64,-0.62
22-03-2023,76.38,74.9,76.79,74.26,244.69,1.8
21-03-2023,75.03,73.44,75.12,72.62,297.9,2.03
20-03-2023,73.54,72.97,73.65,70.06,348.71,1.06
17-03-2023,72.77,74.3,75.59,71.38,477.37,-2.05
16-03-2023,74.29,73.85,75.12,71.49,306.2,1.38
15-03-2023,73.28,77.3,78.26,71.3,576.46,-5.38
14-03-2023,77.45,80.54,80.92,76.89,357.86,-4.11
13-03-2023,80.77,82.6,83.48,78.34,467.28,-2.43
10-03-2023,82.78,81.47,83.11,80.73,369.28,1.46
09-03-2023,81.59,82.55,84,81.42,282.56,-1.29
08-03-2023,82.66,83.03,83.59,82.06,297.09,-0.76
07-03-2023,83.29,86.23,86.75,82.83,295.19,-3.35
06-03-2023,86.18,85.83,86.35,84.34,244.34,0.41
03-03-2023,85.83,84.61,86,82.36,312.9,1.27
02-03-2023,84.75,84.31,85.1,83.83,214.22,0.52
01-03-2023,84.31,83.05,84.49,82.61,242.66,0.5
28-02-2023,83.89,82.3,84.15,82.19,12.3,1.75
27-02-2023,82.45,83.19,83.6,81.73,58.85,-0.45
24-02-2023,82.82,82.33,83.09,80.75,289.76,1.06
23-02-2023,81.95,80.31,82.46,80.25,293.33,1.86
22-02-2023,80.45,82.5,82.96,80.3,297.26,-3.13
21-02-2023,83.05,83.86,84.2,82.56,231.63,-1.21
20-02-2023,84.07,83.15,84.3,82.73,143.85,1.29
17-02-2023,83,84.6,84.87,81.8,303.66,-2.51
16-02-2023,85.14,85.27,86.21,84.6,197.02,-0.28
15-02-2023,85.38,85.2,85.85,83.88,245.98,-0.23
14-02-2023,85.58,85.83,86.42,84.13,231.63,-1.19
13-02-2023,86.61,86.51,86.95,85.1,207.62,0.25
10-02-2023,86.39,84.22,86.9,83.93,297.34,2.24
09-02-2023,84.5,84.96,85.5,83.05,260.73,-0.69
08-02-2023,85.09,84.11,85.15,83.51,254.14,1.67
07-02-2023,83.69,81.26,84.13,81.19,290.98,3.33
06-02-2023,80.99,79.61,81.43,79.1,325.21,1.31
03-02-2023,79.94,82.27,84.2,79.62,330.32,-2.71
02-02-2023,82.17,83.34,83.61,81.25,287.09,-0.81
01-02-2023,82.84,85.56,86.21,82.37,348.66,-1.95
31-01-2023,84.49,85.18,85.25,83.73,11.89,-0.48
30-01-2023,84.9,86.88,87.48,84.66,65.55,-2.03
27-01-2023,86.66,87.65,88.95,85.69,107.08,-0.93
26-01-2023,87.47,86.35,88.01,85.74,139.1,1.57
25-01-2023,86.12,86.28,87,85.41,159.47,-0.01
24-01-2023,86.13,88.07,88.71,85.8,207.75,-2.34
23-01-2023,88.19,87.7,89.09,86.92,192.41,0.64
20-01-2023,87.63,86.42,87.79,85.58,212.92,1.71
19-01-2023,86.16,84.34,86.85,83.76,250.96,1.39
18-01-2023,84.98,86.45,87.85,84.36,288.15,-1.09
17-01-2023,85.92,84.2,86.82,84.04,238.3,1.73
16-01-2023,84.46,85.36,85.59,83.83,125.96,-0.96
13-01-2023,85.28,83.91,85.5,83.5,217.4,1.49
12-01-2023,84.03,82.88,84.62,82.37,264.07,1.65
11-01-2023,82.67,79.52,83,79.31,273.79,3.21
10-01-2023,80.1,79.54,80.89,78.81,244.35,0.56
09-01-2023,79.65,78.42,81.37,78.42,245.12,1.37
06-01-2023,78.57,78.8,80.59,78.05,215.42,-0.15
05-01-2023,78.69,78.16,79.97,77.61,259.58,1.09
04-01-2023,77.84,82.31,82.72,77.72,319.31,-5.19
03-01-2023,82.1,85.96,87,81.78,302.86,-4.43
30-12-2022,85.91,83.71,86,82.88,168.65,4.44
29-12-2022,82.26,82.88,83.14,81.28,10.99,-1.2
28-12-2022,83.26,84.6,84.76,81.92,57.56,-1.68
27-12-2022,84.68,85,86.1,84.19,160.09,0.21
23-12-2022,84.5,82.32,84.7,81.83,180.4,3.47
22-12-2022,81.67,82.93,84.21,81.35,211.18,-1.1
21-12-2022,82.58,80.53,82.92,80.06,178.09,2.55
20-12-2022,80.53,80.6,81.19,79,184.12,0.49
19-12-2022,80.14,79.49,81.19,79.02,164.92,0.82
16-12-2022,79.49,81.44,81.87,78.76,236.09,-2.25
15-12-2022,81.32,82.84,83.18,80.92,162.08,-1.73
14-12-2022,82.75,80.53,83.22,80.31,178.26,2.34
13-12-2022,80.86,78.53,81.34,78.41,201.46,3.22
12-12-2022,78.34,77.34,78.89,75.67,158.37,2.27
09-12-2022,76.6,77.15,77.81,75.64,157,0.01
08-12-2022,76.59,77.9,79.49,76.19,209.68,-1.29
07-12-2022,77.59,80.07,80.79,77.32,207.04,-2.61
06-12-2022,79.67,83.19,83.69,79.05,225.87,-3.62
05-12-2022,82.66,85.7,88.2,82.53,193.04,-3.38
02-12-2022,85.55,86.69,87.68,85.17,141.36,-1.53
01-12-2022,86.88,86.78,89.37,86.26,229.13,1.7
30-11-2022,85.43,83.77,85.67,83.61,9.05,2.89
29-11-2022,83.03,82.41,86,82.39,67.93,-0.19
28-11-2022,83.19,83.58,84.1,80.61,102.56,-0.53
25-11-2022,83.63,85.5,86.87,83.59,85.31,-2
24-11-2022,85.34,85.04,85.54,83.9,75.61,-0.08
23-11-2022,85.41,88.47,89.56,84.12,212.14,-3.34
22-11-2022,88.36,87.76,89.9,87.35,190.85,1.04
21-11-2022,87.45,87.74,87.98,82.31,354.6,-0.19
18-11-2022,87.62,90.1,90.63,85.8,379.66,-2.41
17-11-2022,89.78,92.73,92.91,89.53,313.53,-3.32
16-11-2022,92.86,94.11,94.79,91.67,257.62,-1.07
15-11-2022,93.86,92.59,95.77,91.53,317.5,0.77
14-11-2022,93.14,95.87,96.95,92.5,248.25,-2.97
11-11-2022,95.99,93.84,96.92,93.69,238.07,2.48
10-11-2022,93.67,92.53,94.32,91.73,278.53,1.1
09-11-2022,92.65,95.17,95.65,92.33,308.02,-2.84
08-11-2022,95.36,98.24,98.3,95,251.67,-2.61
07-11-2022,97.92,97.31,99.56,96.5,241.94,-0.66
04-11-2022,98.57,94.58,98.81,94.33,307.09,4.12
03-11-2022,94.67,95.36,95.98,94.19,229.12,-1.55
02-11-2022,96.16,94.85,96.5,94.01,253,1.6
01-11-2022,94.65,92.67,95.55,92.33,247.65,-0.19
31-10-2022,94.83,96.47,96.47,94.25,15,-0.98
28-10-2022,95.77,96.58,96.89,94.96,89.94,-1.23
27-10-2022,96.96,96.05,97.27,95.07,84.57,1.33
26-10-2022,95.69,92.91,96.25,92.06,138,4.31
25-10-2022,91.74,91.4,92.48,89.75,222.2,0.58
24-10-2022,91.21,91.23,92.3,89.01,178.75,-0.14
21-10-2022,91.34,90.48,91.72,89.17,181.51,0.98
20-10-2022,90.45,90.47,92.66,90.01,211.69,-0.12
19-10-2022,90.56,89.31,90.95,87.9,260.25,2.21
18-10-2022,88.6,90.53,91.22,87.52,247.36,-1.75
17-10-2022,90.18,90.2,91.79,89.49,163.34,0.03
14-10-2022,90.15,92.81,93.45,89.81,153.89,-4.67
13-10-2022,94.57,92.49,94.92,91.08,280.52,2.29
12-10-2022,92.45,93.72,95.17,91.56,257.66,-1.95
11-10-2022,94.29,95.93,96.46,93.11,259.03,-1.98
10-10-2022,96.19,98.75,98.75,95.6,215.37,-1.77
07-10-2022,97.92,94.71,98.58,93.94,269.4,3.71
06-10-2022,94.42,93.71,94.98,92.72,207.53,1.12
05-10-2022,93.37,91.89,93.96,90.76,296.2,1.71
04-10-2022,91.8,88.81,92.4,88.78,282.38,3.31
03-10-2022,88.86,86.35,89.82,86.35,270.69,1.02
30-09-2022,87.96,88.53,89.8,87.69,5.89,-0.6
29-09-2022,88.49,88.97,90.12,87.33,57.86,-0.93
28-09-2022,89.32,86.14,89.47,84.26,74.33,5.24
27-09-2022,84.87,82.84,85.84,82.81,252.52,2.43
26-09-2022,82.86,85.54,86.45,82.44,257.04,-2.55
23-09-2022,85.03,89.57,89.88,84.55,304.2,-5.03
22-09-2022,89.53,88.83,91.74,88.28,219.29,0.82
21-09-2022,88.8,89.57,92.23,88.31,247.64,-0.67
20-09-2022,89.4,90.85,91.57,88.56,209.16,-2.83
19-09-2022,92,91.43,92.57,88.5,138.53,0.71
16-09-2022,91.35,90.51,92.66,90.25,197.48,0.56
15-09-2022,90.84,94.65,94.66,90.03,257.62,-3.46
14-09-2022,94.1,93.4,95.8,91.93,259.9,1
13-09-2022,93.17,94.31,95.53,91.05,275.17,-0.88
12-09-2022,94,92.54,95.17,91.21,210.43,1.25
09-09-2022,92.84,88.62,93.12,88.6,202.94,4.76
07-09-2022,88,92.81,93.8,87.4,300.2,-5.2
06-09-2022,92.83,95.19,95.94,92.3,225.95,-3.04
05-09-2022,95.74,93.02,96.99,93.02,144.26,2.92
02-09-2022,93.02,92.66,95.32,92.65,210,0.71
01-09-2022,92.36,95.18,95.68,91.81,297.55,-4.28
31-08-2022,96.49,99.79,100.46,95.44,10.07,-1.38
30-08-2022,97.84,102.88,103.48,96.63,356.1,-4.95
29-08-2022,102.93,98.96,103.22,98.25,211.63,3.96
26-08-2022,99.01,98.95,100.1,96.96,277.48,0.56
25-08-2022,98.46,100.79,101.53,98.23,223.98,-1.87
24-08-2022,100.34,99.3,100.89,98.27,233.92,1.18
23-08-2022,99.17,96,99.41,95.81,198.99,3.51
22-08-2022,95.81,95.36,96.66,92,186.81,-0.94
19-08-2022,96.72,96.68,97.88,94.25,178.6,0.13
18-08-2022,96.59,93.29,97.42,93.05,208.55,3.14
17-08-2022,93.65,92.67,94.48,91.51,199.19,1.42
16-08-2022,92.34,94.01,95.95,91.71,217.75,-2.9
15-08-2022,95.1,97.72,98.17,92.78,217.57,-3.11
12-08-2022,98.15,99.33,100.38,96.94,188.13,-1.46
11-08-2022,99.6,97.04,100.17,96.63,219.42,2.26
10-08-2022,97.4,96.34,97.97,93.63,247.74,1.13
09-08-2022,96.31,96.36,98.4,94.9,219.67,-0.35
08-08-2022,96.65,94.51,96.82,93.01,201.25,1.82
05-08-2022,94.92,93.65,96.4,92.78,216.2,0.85
04-08-2022,94.12,97.1,97.66,93.2,264.81,-2.75
03-08-2022,96.78,99.73,102.41,96.5,293.11,-3.74
02-08-2022,100.54,99.87,102.41,98.49,229.68,0.51
01-08-2022,100.03,103.92,104.43,99.09,272.84,-9.07
29-07-2022,110.01,108,110.67,106.9,9.13,2.68
28-07-2022,107.14,107.31,109.06,106,80.84,0.49
27-07-2022,106.62,104.75,107.86,103.73,77.69,2.13
26-07-2022,104.4,104.73,107.34,103.99,110,-0.71
25-07-2022,105.15,103.85,105.38,101.64,123.67,1.89
22-07-2022,103.2,103.86,105.72,101.9,137.24,-0.64
21-07-2022,103.86,106.49,106.78,101.5,228.7,-2.86
20-07-2022,106.92,107.07,107.45,105.08,186.7,-0.4
19-07-2022,107.35,105.74,107.61,103.6,226.4,1.02
18-07-2022,106.27,100.82,106.48,99.46,213.5,5.05
15-07-2022,101.16,99.91,102.64,98.17,218.09,2.08
14-07-2022,99.1,99.43,100.39,94.5,318.79,-0.47
13-07-2022,99.57,98.5,101.21,98.28,247.47,0.08
12-07-2022,99.49,106.25,106.56,98.9,275.62,-7.11
11-07-2022,107.1,107,107.7,103.64,194.66,0.07
08-07-2022,107.02,104.65,107.47,103.67,238.35,2.26
07-07-2022,104.65,100.14,106.35,98.5,279.66,3.93
06-07-2022,100.69,104.88,105.85,98.5,350.3,-2.02
05-07-2022,102.77,113.54,114.75,101.1,428.84,-9.45
04-07-2022,113.5,111.65,114,110.4,100.59,1.68
01-07-2022,111.63,109.49,112.45,108.03,235.42,-2.77
30-06-2022,114.81,116.01,116.67,114.22,7.11,-1.25
29-06-2022,116.26,117.96,120.41,115.2,54.34,-1.46
28-06-2022,117.98,115.74,118.27,115.72,65.76,2.51
27-06-2022,115.09,112.92,116.08,111.26,118.1,1.74
24-06-2022,113.12,110.04,114,109.24,134.18,2.79
23-06-2022,110.05,109.58,112.7,108.04,195.92,-1.51
22-06-2022,111.74,114.4,114.45,107.03,293.05,-2.54
21-06-2022,114.65,114.21,116.25,114.02,204.03,0.46
20-06-2022,114.13,113.88,114.5,111.52,161.6,0.89
17-06-2022,113.12,119.13,121.25,111.72,319.91,-5.58
16-06-2022,119.81,119.65,120.29,115.56,276.68,1.1
15-06-2022,118.51,120.79,121.88,117.75,231.06,-2.2
14-06-2022,121.17,121.88,125.19,118.91,291.26,-0.9
13-06-2022,122.27,121.94,123.7,118.93,257.11,0.21
10-06-2022,122.01,122.89,124.33,119.81,294.28,-0.86
09-06-2022,123.07,123.6,124.34,122.5,218.98,-0.41
08-06-2022,123.58,120.65,124.4,120.45,256.29,2.5
07-06-2022,120.57,119.94,121.37,118.55,276.72,0.89
06-06-2022,119.51,121.55,121.95,118.77,204.09,-0.18
03-06-2022,119.72,118.22,121.45,116.02,141.66,1.79
02-06-2022,117.61,115.02,118.46,112.45,216.9,1.14
01-06-2022,116.29,116.08,118.57,115.4,242.16,-5.33
31-05-2022,122.84,122.2,125.28,121.6,11.56,0.96
30-05-2022,121.67,119.28,122.01,118.98,42.41,1.88
27-05-2022,119.43,117.52,119.72,116.63,81.16,1.73
26-05-2022,117.4,114.35,118,113.85,123.58,2.96
25-05-2022,114.03,114.12,115.3,113.01,152.33,0.41
24-05-2022,113.56,112.79,114.63,111.7,191.73,0.12
23-05-2022,113.42,112.85,114.34,111.86,196.51,0.77
20-05-2022,112.55,111.45,113.23,110.52,180.89,0.46
19-05-2022,112.04,108.22,112.31,105.7,272.35,2.69
18-05-2022,109.11,112.91,114.15,108.35,245.04,-2.52
17-05-2022,111.93,114.42,115.69,111.09,277.89,-2.02
16-05-2022,114.24,111.67,114.79,108.84,218.44,2.41
13-05-2022,111.55,108.25,111.69,107.79,220.32,3.82
12-05-2022,107.45,107.67,108.71,104.69,264.26,-0.06
11-05-2022,107.51,101.51,108.29,101.3,287.53,4.93
10-05-2022,102.46,105.5,106.96,101.54,327.99,-3.28
09-05-2022,105.94,112.94,113.2,105,302.17,-5.74
06-05-2022,112.39,111.27,113.5,109.87,249.83,1.34
05-05-2022,110.9,110.55,114,109.2,279.88,0.69
04-05-2022,110.14,105.91,111,105.46,241.68,4.93
03-05-2022,104.97,107.61,108.32,104.62,184.2,-2.43
02-05-2022,107.58,106.3,108.46,103.1,151.34,-1.61
29-04-2022,109.34,107.55,110.3,107,12.02,1.63
28-04-2022,107.59,104.96,108,103.29,73.32,2.16
27-04-2022,105.32,105.45,106.33,103.27,67.06,0.31
26-04-2022,104.99,102.53,106.2,101.08,138.2,2.61
25-04-2022,102.32,105.49,105.85,99.48,156.35,-4.06
22-04-2022,106.65,108.26,108.76,105.54,125.87,-1.55
21-04-2022,108.33,107.07,109.8,106.76,185.38,1.43
20-04-2022,106.8,108.1,109,104.65,243.67,-0.42
19-04-2022,107.25,112.85,114.21,106.74,239.91,-5.22
18-04-2022,113.16,112.32,114.84,110.71,132.15,1.31
14-04-2022,111.7,108.29,112.39,106.63,210.18,2.68
13-04-2022,108.78,105.44,109,104.06,247.26,3.96
12-04-2022,104.64,99.35,105.6,98.9,273.95,6.26
11-04-2022,98.48,103.21,103.3,97.57,238.69,-4.18
08-04-2022,102.78,101.42,103.3,99.65,217.64,2.19
07-04-2022,100.58,101.78,103.59,98.41,296.03,-0.48
06-04-2022,101.07,105.7,108.67,100.54,286.52,-5.22
05-04-2022,106.64,108.51,109.9,104.53,203.06,-0.83
04-04-2022,107.53,104.08,108.68,102.89,218.68,3.01
01-04-2022,104.39,105.25,106.24,102.35,238.62,-3.26
31-03-2022,107.91,112.81,112.94,106.5,8.68,-4.88
30-03-2022,113.45,112,114.8,110.74,72.33,2.92
29-03-2022,110.23,110.1,114.83,104.84,93.68,-2
28-03-2022,112.48,119.9,119.9,109.06,150.82,-6.77
25-03-2022,120.65,118.88,120.92,115.16,133.46,1.36
24-03-2022,119.03,121.56,123.74,116.93,177.66,-2.11
23-03-2022,121.6,114.7,122.34,114.45,224.53,5.3
22-03-2022,115.48,117.04,119.48,112.64,204.66,-0.12
21-03-2022,115.62,107.5,116.8,107.06,196.49,7.12
18-03-2022,107.93,106.8,109.59,105.78,168.91,1.21
17-03-2022,106.64,98.61,107.5,97.75,200.95,8.79
16-03-2022,98.02,99.14,103.7,96.93,246.82,-1.89
15-03-2022,99.91,105.34,105.71,97.44,318.12,-6.54
14-03-2022,106.9,113.15,113.15,103.49,265.91,-5.12
11-03-2022,112.67,110.26,113.91,107.13,287.39,3.05
10-03-2022,109.33,112.65,118.36,109,352.34,-1.63
09-03-2022,111.14,130.28,131.64,105.6,521.58,-13.16
08-03-2022,127.98,124.56,133.15,121.31,469.99,3.87
07-03-2022,123.21,122.79,139.13,119.04,419.93,4.32
04-03-2022,118.11,114.23,118.98,109.62,334.41,6.93
03-03-2022,110.46,115.27,119.84,109.4,452.52,-2.19
02-03-2022,112.93,107.34,115.11,106.83,490.57,7.58
01-03-2022,104.97,98.43,107.67,98.3,492.51,3.94
28-02-2022,100.99,101.98,105.07,99.64,22.96,3.12
25-02-2022,97.93,100.69,101.99,96,68.98,-1.16
24-02-2022,99.08,98.08,105.79,97.56,167.79,2.31
23-02-2022,96.84,96.65,98.71,95.81,238.63,0
22-02-2022,96.84,96.55,99.5,95.8,316.38,1.52
21-02-2022,95.39,94.29,97.4,92.57,217.04,1.98
18-02-2022,93.54,92.73,94.15,90.12,348.35,0.61
17-02-2022,92.97,92.2,94.5,92.14,347.79,-1.94
16-02-2022,94.81,93.49,96.07,91.11,393.79,1.64
15-02-2022,93.28,95.81,96.26,92.06,378.25,-3.32
14-02-2022,96.48,95.2,96.78,93.44,373.09,2.16
11-02-2022,94.44,91.17,95.66,90.51,452.11,3.31
10-02-2022,91.41,91.75,93.1,90.88,369.01,-0.15
09-02-2022,91.55,91.08,92.09,90.05,294,0.85
08-02-2022,90.78,92.63,92.93,89.93,368.55,-2.06
07-02-2022,92.69,92.75,94,92.13,317.29,-0.62
04-02-2022,93.27,91.3,93.7,91.2,322.13,2.37
03-02-2022,91.11,89.07,91.3,88.02,301.79,1.83
02-02-2022,89.47,89.48,90.52,88.28,319.43,0.35
01-02-2022,89.16,89.62,89.96,87.72,271.77,-2.25
31-01-2022,91.21,90.8,91.48,90.61,11.01,1.31
28-01-2022,90.03,89.98,91.7,89.41,102.01,0.77
27-01-2022,89.34,89.7,91.04,89,131.7,-0.69
26-01-2022,89.96,87.95,90.47,87.79,260.11,2
25-01-2022,88.2,86.76,88.37,86.2,256.21,2.24
24-01-2022,86.27,87.93,88.9,85.04,309.89,-1.84
21-01-2022,87.89,86.75,88.23,85.71,288.21,-0.55
20-01-2022,88.38,87.89,89.5,87.05,279.52,-0.07
19-01-2022,88.44,88.65,89.17,87.61,350.94,1.06
18-01-2022,87.51,86.47,88.66,86.44,356.88,1.19
17-01-2022,86.48,86.15,86.71,85.54,139.82,0.49
14-01-2022,86.06,84.12,86.5,83.99,304.72,1.88
13-01-2022,84.47,84.87,85.1,83.79,265.2,-0.24
12-01-2022,84.67,83.78,85.21,83.52,301.39,1.13
11-01-2022,83.72,81.08,83.98,80.89,324.94,3.52
10-01-2022,80.87,81.76,82.3,80.5,300.65,-1.08
07-01-2022,81.75,82,83,81.42,286.11,-0.29
06-01-2022,81.99,80.22,82.83,79.61,353.16,1.47
05-01-2022,80.8,80.07,81.5,79.51,331.74,1
04-01-2022,80,78.91,80.55,78.62,291.68,1.29
03-01-2022,78.98,78.11,79.28,77.04,201.03,1.54
31-12-2021,77.78,78.81,79.68,77.55,148.96,-1.94
30-12-2021,79.32,79.19,79.66,78.5,10.9,0.11
29-12-2021,79.23,79.28,80.17,78.13,69.63,0.37
28-12-2021,78.94,78.67,79.85,78.48,50.41,0.43
27-12-2021,78.6,76.32,79.08,75.75,85.39,3.23
24-12-2021,76.14,76.72,76.79,75.75,30.54,-0.92
23-12-2021,76.85,75.47,77,74.78,161.24,2.07
22-12-2021,75.29,74.05,75.67,73.62,166.71,1.77
21-12-2021,73.98,71.88,74.27,71.24,214.07,3.44
20-12-2021,71.52,72.82,72.87,69.28,333.76,-2.72
17-12-2021,73.52,74.5,74.98,72.65,231.41,-2
16-12-2021,75.02,74.47,75.61,74,223.64,1.54
15-12-2021,73.88,73.25,74.58,72.5,233.19,0.24
14-12-2021,73.7,74.42,75.16,72.57,277.86,-0.93
13-12-2021,74.39,75.37,76.39,74.2,265.51,-1.01
10-12-2021,75.15,73.99,75.71,73.8,221.36,0.98
09-12-2021,74.42,75.94,76.7,73.84,283.39,-1.85
08-12-2021,75.82,75.44,76.37,74.38,322.08,0.5
07-12-2021,75.44,73.6,76.27,73.2,312.28,3.23
06-12-2021,73.08,70.24,73.8,70.24,255.4,4.58
03-12-2021,69.88,70.22,72.62,69.24,331.82,0.3
02-12-2021,69.67,69.72,70.7,65.72,526.6,1.16
01-12-2021,68.87,69.8,72.87,68.14,420.4,-2.41
30-11-2021,70.57,74.42,74.56,70.22,24.82,-3.91
29-11-2021,73.44,73.88,77.02,72.41,126.35,0.99
26-11-2021,72.72,81.65,81.66,72.14,170.78,-11.55
25-11-2021,82.22,82.24,82.58,81.7,80.45,-0.04
24-11-2021,82.25,81.88,83,81.74,231.07,-0.07
23-11-2021,82.31,79.51,82.6,78.55,366.6,3.27
22-11-2021,79.7,78.58,80.07,77.58,350.9,1.03
19-11-2021,78.89,81,82.24,78.05,479.93,-2.89
18-11-2021,81.24,80.1,81.41,79.28,306.85,1.2
17-11-2021,80.28,82.05,82.22,79.78,406.75,-2.61
16-11-2021,82.43,82,83.14,81.52,340.72,0.46
15-11-2021,82.05,81.92,82.49,80.67,273.72,-0.15
12-11-2021,82.17,82.83,82.87,81.26,289.3,-0.84
11-11-2021,82.87,82.85,83.44,81.66,336.14,0.28
10-11-2021,82.64,84.99,85.5,82.08,366.31,-2.52
09-11-2021,84.78,83.47,85.3,83.16,346.57,1.62
08-11-2021,83.43,82.58,84,82.53,269.6,0.83
05-11-2021,82.74,81.25,83.16,80.26,379.69,2.73
04-11-2021,80.54,81.58,84.49,80.2,472.43,-1.77
03-11-2021,81.99,84.07,84.2,81.1,380.11,-3.22
02-11-2021,84.72,84.45,85.23,83.76,317.07,0.01
01-11-2021,84.71,83.63,85.12,83.03,302.9,0.39
29-10-2021,84.38,84.33,84.83,83.79,22.77,0.07
28-10-2021,84.32,84.21,84.59,82.32,118.14,-0.31
27-10-2021,84.58,86.07,86.28,84.05,149.75,-2.11
26-10-2021,86.4,86.03,86.5,85.27,222.56,0.48
25-10-2021,85.99,85.65,86.7,85.43,294.55,0.54
22-10-2021,85.53,84.52,85.93,83.82,298.35,1.09
21-10-2021,84.61,85.9,86.1,83.36,373.65,-1.41
20-10-2021,85.82,85.19,85.89,83.61,378.69,0.87
19-10-2021,85.08,84.21,85.4,83.7,371.79,0.89
18-10-2021,84.33,84.95,86.04,83.95,340.96,-0.62
15-10-2021,84.86,84.3,85.1,84.16,276.47,1.02
14-10-2021,84,83.45,84.5,83.18,316.64,0.99
13-10-2021,83.18,83.1,83.69,82.2,333.68,-0.29
12-10-2021,83.42,83.49,84.23,82.72,331.41,-0.27
11-10-2021,83.65,82.65,84.6,82.54,330.44,1.53
08-10-2021,82.39,82.38,83.43,81.96,360.97,0.54
07-10-2021,81.95,80.98,82.5,79.08,393.1,1.07
06-10-2021,81.08,82.57,83.47,80.6,401.36,-1.79
05-10-2021,82.56,81.27,83.13,81.19,340.27,1.6
04-10-2021,81.26,79.49,82,78.75,362.37,2.5
01-10-2021,79.28,78.49,79.41,77.55,282.37,0.97
30-09-2021,78.52,78.46,79.11,77.6,20.51,-0.15
29-09-2021,78.64,78.25,79.4,77.5,97.97,-0.57
28-09-2021,79.09,79.4,80.75,78.1,132.33,-0.55
27-09-2021,79.53,78.25,79.9,78.21,231.13,1.84
24-09-2021,78.09,77.26,78.24,76.85,163.23,1.09
23-09-2021,77.25,75.9,77.35,75.6,226.59,1.39
22-09-2021,76.19,74.56,76.26,74.49,255.75,2.46
21-09-2021,74.36,74.33,75.18,73.26,258.71,0.6
20-09-2021,73.92,75.33,75.4,73.52,313.75,-1.88
17-09-2021,75.34,75.68,75.78,74.58,254.86,-0.44
16-09-2021,75.67,75.46,75.87,74.48,236.51,0.28
15-09-2021,75.46,73.92,76.13,73.78,289.45,2.53
14-09-2021,73.6,73.62,74.28,73.08,278.58,0.12
13-09-2021,73.51,72.88,73.92,72.69,244.73,0.81
10-09-2021,72.92,71.37,73.15,70.94,250.51,2.06
09-09-2021,71.45,72.61,73.2,70.88,377.81,-1.58
08-09-2021,72.6,71.64,72.95,71.55,325.36,1.27
07-09-2021,71.69,72.29,72.81,71.1,257.4,-0.73
06-09-2021,72.22,72.57,72.78,71.51,127.87,-0.54
03-09-2021,72.61,72.86,73.69,72.4,211.42,-0.58
02-09-2021,73.03,71.31,73.47,70.92,255.42,2.01
01-09-2021,71.59,71.68,72.38,70.42,282.49,-1.92
31-08-2021,72.99,73.14,73.52,72.62,12.59,-0.57
30-08-2021,73.41,73.25,73.69,72,68.66,0.98
27-08-2021,72.7,71.53,72.76,71.17,92.2,2.29
26-08-2021,71.07,71.94,72.13,70.66,179.57,-1.63
25-08-2021,72.25,71,72.42,70.5,242.07,1.69
24-08-2021,71.05,68.66,71.27,68.53,301.3,3.35
23-08-2021,68.75,64.97,68.9,64.6,271.56,5.48
20-08-2021,65.18,66.54,66.93,64.94,254.45,-1.91
19-08-2021,66.45,67.57,67.64,65.57,345.97,-2.61
18-08-2021,68.23,68.96,70.04,67.23,316.98,-1.16
17-08-2021,69.03,69.77,70,68.82,239.96,-0.69
16-08-2021,69.51,70.05,70.45,68.14,294.02,-1.53
13-08-2021,70.59,71.12,71.38,70,202.42,-1.01
12-08-2021,71.31,71.57,71.9,70.67,224.99,-0.18
11-08-2021,71.44,70.83,71.72,69.07,324.04,1.15
10-08-2021,70.63,69.35,71.24,68.94,246.13,2.3
09-08-2021,69.04,70.26,70.26,67.6,353.68,-2.35
06-08-2021,70.7,71.2,72.43,70.28,298.96,-0.83
05-08-2021,71.29,70.27,71.5,69.75,261.05,1.29
04-08-2021,70.38,72.33,72.83,70.11,370.13,-2.8
03-08-2021,72.41,73.08,73.55,71.05,303.73,-0.66
02-08-2021,72.89,75.39,75.39,72.31,304.87,-4.51
30-07-2021,76.33,75.81,76.38,75.38,14.39,0.37
29-07-2021,76.05,74.76,76.15,74.63,78.27,1.75
28-07-2021,74.74,74.77,75.32,74.42,111.62,0.35
27-07-2021,74.48,74.67,75.05,74.02,181.94,-0.03
26-07-2021,74.5,74.12,74.84,72.75,210.64,0.54
23-07-2021,74.1,73.56,74.22,73.32,181.66,0.42
22-07-2021,73.79,72.24,73.9,71.74,251.6,2.16
21-07-2021,72.23,68.92,72.38,68.63,306.32,4.15
20-07-2021,69.35,68.99,69.73,67.44,316.48,1.06
19-07-2021,68.62,72.86,73.34,67.75,510.92,-6.75
16-07-2021,73.59,73.18,74.09,72.34,292.66,0.16
15-07-2021,73.47,74.5,74.59,73.19,322.33,-1.73
14-07-2021,74.76,76.28,76.72,73.79,376.94,-2.26
13-07-2021,76.49,75.25,76.6,74.93,275.91,1.77
12-07-2021,75.16,75.79,75.84,74.23,262.3,-0.52
09-07-2021,75.55,74.39,75.8,73.8,248.18,1.93
08-07-2021,74.12,73.35,74.4,72.11,314.34,0.94
07-07-2021,73.43,74.69,75.99,72.6,387.43,-1.48
06-07-2021,74.53,77.06,77.84,74.13,410.7,-3.41
05-07-2021,77.16,76.23,77.26,75.7,157.22,1.3
02-07-2021,76.17,75.64,76.43,75.21,236.22,0.44
01-07-2021,75.84,74.69,76.74,74.55,405.16,0.95
30-06-2021,75.13,75.18,75.6,74.39,15.06,0.49
29-06-2021,74.76,74.67,75.51,73.9,94.94,0.11
28-06-2021,74.68,75.99,76.6,74.51,142.11,-1.97
25-06-2021,76.18,75.54,76.21,74.95,172.41,0.82
24-06-2021,75.56,75.3,75.78,74.51,165.05,0.49
23-06-2021,75.19,74.75,76.02,74.7,229.04,0.51
22-06-2021,74.81,74.88,75.3,74.32,294.72,-0.12
21-06-2021,74.9,73.33,74.95,72.98,265.47,1.89
18-06-2021,73.51,73,73.76,72.18,231.55,0.59
17-06-2021,73.08,73.8,74.5,72.01,336.64,-1.76
16-06-2021,74.39,74.26,74.96,73.86,306.09,0.54
15-06-2021,73.99,73.03,74.33,72.79,228.62,1.55
14-06-2021,72.86,72.7,73.64,72.59,200.72,0.23
11-06-2021,72.69,72.41,73.09,71.88,276.48,0.23
10-06-2021,72.52,72.03,72.93,70.95,346.58,0.42
09-06-2021,72.22,72.17,72.87,71.82,266.37,0
08-06-2021,72.22,71.42,72.42,70.71,285.23,1.02
07-06-2021,71.49,71.82,72.27,71.1,224.33,-0.56
04-06-2021,71.89,71.25,72.17,70.73,222,0.81
03-06-2021,71.31,71.27,71.99,70.66,229.79,-0.06
02-06-2021,71.35,70.55,71.48,70.35,221.63,1.57
01-06-2021,70.25,69.39,71.34,69.29,302.49,1.34
31-05-2021,69.32,68.98,69.82,68.75,80.18,-0.45
28-05-2021,69.63,69.69,69.92,69.26,21.26,0.24
27-05-2021,69.46,68.78,69.51,68.11,86.51,0.86
26-05-2021,68.87,68.55,69.17,68.02,134.62,0.32
25-05-2021,68.65,68.47,68.9,67.83,183.13,0.28
24-05-2021,68.46,66.72,68.64,66.46,227.25,3.04
21-05-2021,66.44,65.22,66.94,64.57,257.64,2.04
20-05-2021,65.11,66.63,67.17,64.8,388.16,-2.33
19-05-2021,66.66,68.41,68.46,65.3,386.89,-2.98
18-05-2021,68.71,69.61,70.24,67.28,378.02,-1.08
17-05-2021,69.46,68.92,69.62,68.18,230.78,1.09
14-05-2021,68.71,67,68.89,66.5,286.13,2.48
13-05-2021,67.05,68.88,69.04,66.48,312,-3.27
12-05-2021,69.32,68.78,69.9,68.18,310.3,1.12
11-05-2021,68.55,68.29,68.75,67.13,321.86,0.34
10-05-2021,68.32,68.74,69.2,67.41,265.6,0.06
07-05-2021,68.28,68.26,68.65,67.39,262.58,0.28
06-05-2021,68.09,68.47,69.37,67.93,273.28,-1.26
05-05-2021,68.96,69.35,69.95,68.35,283.73,0.12
04-05-2021,68.88,67.75,69.5,67.37,249.64,1.95
03-05-2021,67.56,66.7,67.82,66.1,148.71,0.46
30-04-2021,67.25,68.33,68.4,67.06,14.84,-1.91
29-04-2021,68.56,67.18,68.95,67.13,91.52,1.92
28-04-2021,67.27,66.58,67.85,66.13,148.95,1.28
27-04-2021,66.42,65.76,66.8,65.66,222.92,1.17
26-04-2021,65.65,66.1,66.26,64.57,257.58,-0.7
23-04-2021,66.11,65.8,66.3,65.16,187.9,1.09
22-04-2021,65.4,65.13,65.83,64.58,242.47,0.12
21-04-2021,65.32,66.22,66.52,64.96,260.88,-1.88
20-04-2021,66.57,67.2,68.08,65.51,328.24,-0.72
19-04-2021,67.05,66.7,67.23,66.17,193.81,0.42
16-04-2021,66.77,66.86,67.38,66.44,212.2,-0.25
15-04-2021,66.94,66.38,67.03,65.95,240.31,0.54
14-04-2021,66.58,64.01,66.9,63.88,323.04,4.57
13-04-2021,63.67,63.24,64.19,63.18,242.41,0.62
12-04-2021,63.28,63.03,64.31,62.41,257.84,0.52
09-04-2021,62.95,63.28,63.49,62.57,216.24,-0.4
08-04-2021,63.2,63.02,63.43,62.38,265.18,0.06
07-04-2021,63.16,62.6,63.55,61.6,321.39,0.67
06-04-2021,62.74,62.32,64.28,62.08,307.87,0.95
05-04-2021,62.15,64.57,64.81,61.25,231.78,-4.18
01-04-2021,64.86,63.12,65.17,62.38,480.37,2.08
31-03-2021,63.54,64.13,64.79,63.53,9.7,-0.94
30-03-2021,64.14,65.2,65.41,63.52,74.36,-1.29
29-03-2021,64.98,64.58,65.46,63.13,91.75,0.63
26-03-2021,64.57,62.01,64.89,61.85,147.74,4.23
25-03-2021,61.95,63.99,64.19,60.98,202.58,-3.82
24-03-2021,64.41,60.5,64.57,60.47,255.12,5.95
23-03-2021,60.79,64.3,64.3,60.27,392.6,-5.93
22-03-2021,64.62,64.53,65.12,63.45,236.34,0.14
19-03-2021,64.53,62.99,64.95,62.07,446.11,1.98
18-03-2021,63.28,67.77,68.15,61.45,516.08,-6.94
17-03-2021,68,68.39,68.89,66.96,309.76,-0.57
16-03-2021,68.39,68.81,68.94,67.36,248.99,-0.71
15-03-2021,68.88,69.08,70.03,67.82,262.6,-0.49
12-03-2021,69.22,69.59,69.9,69.03,251.54,-0.59
11-03-2021,69.63,68.45,69.84,67.99,289.61,2.55
10-03-2021,67.9,67.46,68.42,66.5,361.94,0.56
09-03-2021,67.52,68.13,69.33,67.12,302.61,-1.06
08-03-2021,68.24,69.97,71.38,67.8,352.59,-1.61
05-03-2021,69.36,67.16,69.69,66.67,361.76,3.93
04-03-2021,66.74,64.1,67.75,63.33,510.68,4.17
03-03-2021,64.07,62.38,64.7,62.38,341.67,2.19
02-03-2021,62.7,63.12,64.13,62.38,367.12,-1.55
01-03-2021,63.69,64.85,65.93,63.17,291.91,-3.69
26-02-2021,66.13,66.89,66.9,65.72,16.1,-1.12
25-02-2021,66.88,67.2,67.7,66.48,109.65,-0.24
24-02-2021,67.04,65.06,67.31,64.8,129.71,2.55
23-02-2021,65.37,65.51,66.79,64.47,231.18,0.2
22-02-2021,65.24,62.68,65.85,62.55,213.75,3.7
19-02-2021,62.91,63.3,63.94,62.09,305.83,-1.6
18-02-2021,63.93,65.02,65.52,63.22,420.56,-0.64
17-02-2021,64.34,63.15,64.96,62.73,391.26,1.56
16-02-2021,63.35,63.47,63.7,62.69,284.67,0.08
15-02-2021,63.3,62.83,63.76,62.82,220.38,1.39
12-02-2021,62.43,60.82,62.83,60.35,307.72,2.11
11-02-2021,61.14,61.01,61.5,60.72,209.69,-0.54
10-02-2021,61.47,61.21,61.69,60.87,287.71,0.62
09-02-2021,61.09,60.8,61.34,60.05,319.5,0.88
08-02-2021,60.56,59.43,60.72,59.43,269.31,2.06
05-02-2021,59.34,59.17,59.79,59.08,229.42,0.85
04-02-2021,58.84,58.59,59.12,58.04,244.07,0.65
03-02-2021,58.46,57.85,58.94,57.5,276.86,1.74
02-02-2021,57.46,56.35,58.05,56.33,337.68,1.97
01-02-2021,56.35,54.91,56.53,54.6,288.25,0.84
29-01-2021,55.88,55.52,56.37,55.31,19.94,0.63
28-01-2021,55.53,55.41,56.59,55.31,122.48,-0.5
27-01-2021,55.81,56.05,56.49,55.2,132.41,-0.18
26-01-2021,55.91,55.93,56.34,55.39,163.2,0.05
25-01-2021,55.88,55.26,56.02,55.07,198.27,0.85
22-01-2021,55.41,56,56.03,54.48,269.37,-1.23
21-01-2021,56.1,55.82,56.24,55.49,254.59,0.04
20-01-2021,56.08,56.07,56.64,55.66,310.89,0.32
19-01-2021,55.9,55.01,56.08,54.89,261.1,2.1
18-01-2021,54.75,54.75,55.21,54.49,142.87,-0.64
15-01-2021,55.1,56.41,56.5,54.64,298.41,-2.34
14-01-2021,56.42,55.93,56.57,55.24,331.29,0.64
13-01-2021,56.06,56.83,57.42,55.77,324.3,-0.92
12-01-2021,56.58,55.66,56.79,55.51,288.14,1.65
11-01-2021,55.66,56.24,56.39,54.99,295.07,-0.59
08-01-2021,55.99,54.56,56.36,54.34,336.65,2.96
07-01-2021,54.38,54.13,54.9,53.94,267.19,0.15
06-01-2021,54.3,53.52,54.73,53.02,414.41,1.31
05-01-2021,53.6,50.95,53.9,50.7,455.35,4.91
04-01-2021,51.09,51.5,53.33,50.56,382.9,-1.37
31-12-2020,51.8,51.49,51.84,50.9,133.22,0.9
30-12-2020,51.34,51.32,51.56,51.04,17.63,0.49
29-12-2020,51.09,51.02,51.63,50.86,91.33,0.45
28-12-2020,50.86,51.25,52.02,50.53,81.06,-0.84
24-12-2020,51.29,51.11,51.77,50.62,96.69,0.18
23-12-2020,51.2,49.7,51.59,49.2,182.63,2.24
22-12-2020,50.08,50.65,50.86,49.56,194.1,-1.63
21-12-2020,50.91,52.22,52.32,49.2,288.74,-2.58
18-12-2020,52.26,51.43,52.48,51.13,246.12,1.48
17-12-2020,51.5,51.12,51.9,51.08,233.88,0.82
16-12-2020,51.08,50.64,51.2,50.34,222.74,0.63
15-12-2020,50.76,50.3,50.89,49.78,190.55,0.93
14-12-2020,50.29,50.05,50.8,49.13,236.96,0.64
11-12-2020,49.97,50.45,50.74,49.74,231.87,-0.56
10-12-2020,50.25,49,51.06,48.86,288.73,2.84
09-12-2020,48.86,48.84,49.55,48.4,267.79,0.04
08-12-2020,48.84,48.58,49,48.09,225.24,0.1
07-12-2020,48.79,49.23,49.43,48.4,207.51,-0.93
04-12-2020,49.25,48.96,49.92,48.84,253.64,1.11
03-12-2020,48.71,48,48.94,47.67,274.73,0.95
02-12-2020,48.25,47.05,48.76,46.82,285.74,1.75
01-12-2020,47.42,47.79,48.3,46.88,258.69,-0.36
30-11-2020,47.59,47.91,47.99,46.85,20.68,-1.22
27-11-2020,48.18,47.81,48.44,47.34,87.75,0.79
26-11-2020,47.8,48.76,49.09,47.53,88.76,-1.67
25-11-2020,48.61,47.8,49.06,47.72,231.03,1.57
24-11-2020,47.86,45.9,48.03,45.89,263.24,3.91
23-11-2020,46.06,45.08,46.12,44.89,267.25,2.45
20-11-2020,44.96,44.15,45.24,44.05,264.01,1.72
19-11-2020,44.2,43.96,44.57,43.79,210.3,-0.32
18-11-2020,44.34,43.75,44.89,43.48,242.88,1.35
17-11-2020,43.75,43.89,44.25,43.08,226.35,-0.16
16-11-2020,43.82,42.71,44.67,42.71,268.43,2.43
13-11-2020,42.78,43.2,43.34,42.63,216.74,-1.72
12-11-2020,43.53,43.73,44.5,43.26,266.04,-0.62
11-11-2020,43.8,43.77,45.3,43.6,346.77,0.44
10-11-2020,43.61,41.75,44.11,41.71,315.25,2.85
09-11-2020,42.4,39.65,43.48,39.46,393.05,7.48
06-11-2020,39.45,40.63,40.69,39.34,255.44,-3.62
05-11-2020,40.93,40.96,41.53,40.33,219.2,-0.73
04-11-2020,41.23,40.13,41.33,39.42,250.87,3.83
03-11-2020,39.71,39.26,40.45,38.65,278.63,1.9
02-11-2020,38.97,37.37,39.36,35.74,326.07,4.03
30-10-2020,37.46,37.5,38.1,36.8,20.19,-0.5
29-10-2020,37.65,39.16,39.45,36.64,112.49,-3.76
28-10-2020,39.12,40.61,40.7,38.75,163.83,-5.05
27-10-2020,41.2,40.5,41.47,40.4,207.54,1.83
26-10-2020,40.46,41.53,41.63,40.22,210.53,-3.14
23-10-2020,41.77,42.4,42.8,41.5,205.21,-1.63
22-10-2020,42.46,41.59,42.79,41.46,257.2,1.75
21-10-2020,41.73,42.91,43.04,41.45,268.88,-3.31
20-10-2020,43.16,42.45,43.3,42.19,252.05,1.27
19-10-2020,42.62,42.69,43.23,42.36,209.06,-0.72
16-10-2020,42.93,43.1,43.21,42.27,197.16,-0.53
15-10-2020,43.16,43.45,43.48,41.56,295.28,-0.37
14-10-2020,43.32,42.43,43.45,42.13,279.12,2.05
13-10-2020,42.45,41.81,42.68,41.66,227.85,1.75
12-10-2020,41.72,42.6,42.71,41.36,238.87,-2.64
09-10-2020,42.85,43.36,43.57,42.61,254.62,-1.13
08-10-2020,43.34,42.15,43.47,41.86,266.26,3.22
07-10-2020,41.99,41.85,42.42,41.36,241.2,-1.55
06-10-2020,42.65,41.41,42.84,41.22,291.68,3.29
05-10-2020,41.29,39.19,41.78,39.14,273.76,5.14
02-10-2020,39.27,40.65,40.77,38.79,337.41,-4.06
01-10-2020,40.93,42.17,42.56,39.92,338.72,-0.05
30-09-2020,40.95,40.66,40.98,40.3,19.38,-0.19
29-09-2020,41.03,42.47,42.52,40.43,91.6,-3.3
28-09-2020,42.43,41.87,42.62,41.48,91.82,1.22
25-09-2020,41.92,41.85,42.33,41.52,129.4,-0.05
24-09-2020,41.94,41.36,42.02,41.27,162.93,0.41
23-09-2020,41.77,41.67,42.62,41.21,183.88,0.12
22-09-2020,41.72,41.79,42.2,41.21,210.74,0.68
21-09-2020,41.44,43.01,43.3,40.96,217.36,-3.96
18-09-2020,43.15,43.22,43.8,42.53,204.66,-0.35
17-09-2020,43.3,42.32,43.5,41.5,237.4,2.56
16-09-2020,42.22,40.72,42.44,40.59,237.25,4.17
15-09-2020,40.53,39.7,40.82,39.39,214.8,2.32
14-09-2020,39.61,39.78,40.09,39.3,200.09,-0.55
11-09-2020,39.83,39.96,40.34,39.38,211.88,-0.57
10-09-2020,40.06,40.58,40.96,39.71,208.86,-1.79
09-09-2020,40.79,39.65,41.2,39.37,278.22,2.54
08-09-2020,39.78,42.08,42.23,39.31,363.53,-5.31
07-09-2020,42.01,42.2,42.43,41.51,122.98,-1.52
04-09-2020,42.66,43.76,44.54,42.3,270.96,-3.2
03-09-2020,44.07,44.65,44.65,43.15,274.93,-0.81
02-09-2020,44.43,45.83,46.05,44.2,260.14,-2.52
01-09-2020,45.58,45.6,46.22,45.47,206.72,0.66
31-08-2020,45.28,45.8,46.53,45.21,174.31,0.51
28-08-2020,45.05,45.1,45.3,44.8,21.14,-0.09
27-08-2020,45.09,45.7,45.87,44.56,102.26,-1.21
26-08-2020,45.64,45.97,46.1,45.54,132.51,-0.48
25-08-2020,45.86,45.12,46.07,45.08,178.31,1.62
24-08-2020,45.13,44.5,45.18,44.29,176.64,1.76
21-08-2020,44.35,45.03,45.08,43.59,221.99,-1.22
20-08-2020,44.9,45.14,45.18,44.02,249.74,-1.04
19-08-2020,45.37,45.17,45.48,44.81,174.88,-0.2
18-08-2020,45.46,45.27,45.55,44.76,181.69,0.2
17-08-2020,45.37,44.86,45.41,44.53,164.23,1.27
14-08-2020,44.8,45.29,45.29,44.47,151.46,-0.36
13-08-2020,44.96,45.32,45.58,44.82,148.41,-1.03
12-08-2020,45.43,44.62,45.63,44.49,166.48,2.09
11-08-2020,44.5,45.05,45.79,44.39,202.74,-1.09
10-08-2020,44.99,44.66,45.26,44.37,135.3,1.33
07-08-2020,44.4,45.15,45.3,44.27,171.72,-1.53
06-08-2020,45.09,45.32,45.71,44.85,184.52,-0.18
05-08-2020,45.17,44.28,46.23,44.24,246.98,1.67
04-08-2020,44.43,43.84,44.82,43.24,227.12,0.63
03-08-2020,44.15,43.53,44.46,42.89,198.7,1.96
31-07-2020,43.3,43.29,43.44,43.05,14.42,0.84
30-07-2020,42.94,43.73,43.8,41.38,63.2,-1.85
29-07-2020,43.75,43.31,43.95,43.2,64.92,1.23
28-07-2020,43.22,43.55,43.84,43,107.34,-0.44
27-07-2020,43.41,43.35,43.77,42.39,174.75,0.16
24-07-2020,43.34,43.27,43.9,42.79,191.05,0.07
23-07-2020,43.31,44.1,44.77,43.13,262.24,-2.21
22-07-2020,44.29,44.03,44.4,43.62,202.16,-0.07
21-07-2020,44.32,43.17,44.89,43.16,229.78,2.4
20-07-2020,43.28,43.08,43.45,42.36,179.43,0.32
17-07-2020,43.14,43.4,43.45,42.64,162.4,-0.53
16-07-2020,43.37,43.71,43.8,43.14,172.16,-0.96
15-07-2020,43.79,43.07,43.85,42.7,232.18,2.07
14-07-2020,42.9,42.24,43.22,41.8,221.12,0.42
13-07-2020,42.72,43.12,43.34,42.14,200.31,-1.2
10-07-2020,43.24,42.36,43.42,41.32,214.05,2.1
09-07-2020,42.35,43.3,43.5,41.94,237.75,-2.17
08-07-2020,43.29,42.81,43.47,42.75,185.14,0.49
07-07-2020,43.08,43.13,43.45,42.46,183.23,-0.05
06-07-2020,43.1,42.79,43.71,42.74,185.02,0.7
03-07-2020,42.8,42.76,42.99,42.32,96.78,-0.79
02-07-2020,43.14,41.84,43.23,41.73,196.69,2.64
01-07-2020,42.03,41.58,42.62,41.03,252.52,2.14
30-06-2020,41.15,41.33,41.62,40.9,12.6,-1.34
29-06-2020,41.71,40.56,41.95,40.04,86.78,1.68
26-06-2020,41.02,41.44,41.81,40.29,120.32,-0.07
25-06-2020,41.05,40.35,41.64,39.47,166.05,1.84
24-06-2020,40.31,42.45,42.89,39.63,195.72,-5.44
23-06-2020,42.63,43.21,43.93,42.21,183.03,-1.04
22-06-2020,43.08,41.74,43.18,41.58,187.65,2.11
19-06-2020,42.19,41.72,42.92,41.03,217.49,1.64
18-06-2020,41.51,40.43,41.64,40.06,175.79,1.97
17-06-2020,40.71,40.61,41.46,40.03,175.24,-0.61
16-06-2020,40.96,39.94,41.65,38.95,248.58,3.12
15-06-2020,39.72,38.8,39.9,37.24,215.42,2.56
12-06-2020,38.73,37.88,39.45,37.01,237.89,0.47
11-06-2020,38.55,40.95,41.01,37.82,290.17,-7.62
10-06-2020,41.73,40.72,41.99,40.14,234.19,1.34
09-06-2020,41.18,41.1,41.45,39.85,222.36,0.93
08-06-2020,40.8,42.4,43.41,40.68,227.88,-3.55
05-06-2020,42.3,39.84,42.48,39.72,250.31,5.78
04-06-2020,39.99,39.6,40.1,39.04,172.61,0.5
03-06-2020,39.79,39.75,40.53,38.76,239.43,0.56
02-06-2020,39.57,38.34,39.75,38.26,205.22,3.26
01-06-2020,38.32,37.56,38.68,37.18,212.78,8.46
29-05-2020,35.33,35.15,35.37,34.06,14.71,0.11
28-05-2020,35.29,33.92,35.95,33.62,70.99,1.58
27-05-2020,34.74,35.93,36.16,33.98,112.25,-3.95
26-05-2020,36.17,35.66,36.68,35.26,129.98,1.8
25-05-2020,35.53,34.98,35.97,34.46,28.96,1.14
22-05-2020,35.13,36.18,36.23,33.54,174.59,-2.58
21-05-2020,36.06,35.82,36.98,35.75,178.55,0.87
20-05-2020,35.75,34.45,36.46,34.38,191.27,3.17
19-05-2020,34.65,35.66,35.76,34.2,188.93,-0.46
18-05-2020,34.81,32.78,35.72,32.69,232.25,7.11
15-05-2020,32.5,31.52,32.91,30.94,211.28,4.4
14-05-2020,31.13,29.52,31.55,28.88,222.21,6.65
13-05-2020,29.19,29.35,30.55,28.86,221.11,-2.64
12-05-2020,29.98,30.07,30.7,29.35,202.47,1.18
11-05-2020,29.63,30.7,31.47,29.35,242.21,-4.33
08-05-2020,30.97,29.6,31.14,29.43,147.3,5.13
07-05-2020,29.46,29.64,31.84,29.08,259.89,-0.87
06-05-2020,29.72,32.27,32.27,28.66,268.46,-4.04
05-05-2020,30.97,28.1,32.06,27.77,267.14,13.86
04-05-2020,27.2,26.1,28.08,25.5,215.73,2.87
01-05-2020,26.44,26.95,27.88,25.76,216.98,4.63
30-04-2020,25.27,22.87,25.76,22.87,9.69,12.11
29-04-2020,22.54,20.66,23.88,20.53,86.55,10.17
28-04-2020,20.46,19.9,21.29,18.73,123.22,2.35
27-04-2020,19.99,21.55,21.91,19.11,162.39,-6.76
24-04-2020,21.44,21.93,22.7,20.5,187,0.52
23-04-2020,21.33,20.89,23.22,20.07,256.3,4.71
22-04-2020,20.37,20.23,22.45,15.98,344.76,5.38
21-04-2020,19.33,26.33,26.5,17.51,637.21,-24.4
20-04-2020,25.57,28.05,28.25,25.37,361.83,-8.94
17-04-2020,28.08,28.66,28.93,27.58,286.17,0.93
16-04-2020,27.82,28.05,29,27.2,272.98,0.47
15-04-2020,27.69,30.26,30.33,27.16,284.34,-6.45
14-04-2020,29.6,32.25,32.32,29.38,297.55,-6.74
13-04-2020,31.74,33.99,33.99,30.63,223.29,0.83
09-04-2020,31.48,33.82,36.4,31.18,493,-4.14
08-04-2020,32.84,32.63,33.87,31.54,320.61,3.04
07-04-2020,31.87,33.66,34.18,31.74,303.42,-3.57
06-04-2020,33.05,31.76,34.24,30.03,296.07,-3.11
03-04-2020,34.11,29.89,35,28.25,541.28,13.93
02-04-2020,29.94,25.61,36.29,25.45,612.27,21.02
01-04-2020,24.74,25.99,26.28,24.52,347.29,8.8
31-03-2020,22.74,23,23.87,22.59,14.77,-0.09
30-03-2020,22.76,23.85,24.44,21.65,62.08,-8.7
27-03-2020,24.93,26.68,27,24.13,112.74,-5.35
26-03-2020,26.34,27.35,27.75,26.03,139.18,-3.83
25-03-2020,27.39,27.8,28.29,25.68,154.94,0.88
24-03-2020,27.15,27.72,28.65,26.69,198.91,0.44
23-03-2020,27.03,26.75,27.54,24.68,257.59,0.19
20-03-2020,26.98,28.1,30.94,26.81,313.84,-5.23
19-03-2020,28.47,27.19,29.42,24.96,335.72,14.43
18-03-2020,24.88,28.4,29.21,24.52,348.4,-13.4
17-03-2020,28.73,30.14,31.25,28.5,270.24,-4.39
16-03-2020,30.05,35.82,35.84,29.45,330.12,-11.23
13-03-2020,33.85,32.85,36.15,32.5,360.63,1.9
12-03-2020,33.22,35.99,36.46,32.5,472.74,-7.18
11-03-2020,35.79,37.27,39.7,35.35,471.77,-3.84
10-03-2020,37.22,35.84,38.22,35,551.29,8.32
09-03-2020,34.36,38.28,38.34,31.02,779.72,-24.1
06-03-2020,45.27,50.25,50.45,45.18,636.39,-9.44
05-03-2020,49.99,51.66,52.04,49.7,361.04,-2.23
04-03-2020,51.13,52.11,53.03,51.04,363.5,-1.41
03-03-2020,51.86,53.47,53.9,51.22,407.55,-0.08
02-03-2020,51.9,48.95,53.2,48.4,417.56,2.73
28-02-2020,50.52,51.42,51.52,50.05,20.36,-3.18
27-02-2020,52.18,53.18,53.25,50.97,112.16,-2.34
26-02-2020,53.43,55.13,55.45,53.03,171.5,-2.77
25-02-2020,54.95,56.46,56.98,54.62,210.28,-2.4
24-02-2020,56.3,57.85,57.86,55.13,236.33,-3.76
21-02-2020,58.5,59,59.25,57.73,236.49,-1.37
20-02-2020,59.31,59.31,60,58.9,268.65,0.32
19-02-2020,59.12,57.6,59.4,57.51,262.15,2.37
18-02-2020,57.75,57.35,57.83,56.3,249.2,0.14
17-02-2020,57.67,57.29,57.7,56.83,115.34,0.61
14-02-2020,57.32,56.41,57.53,56.15,258.14,1.74
13-02-2020,56.34,55.75,56.83,54.96,325.51,0.99
12-02-2020,55.79,54.41,56.36,54.39,305.45,3.3
11-02-2020,54.01,53.62,54.69,53.6,272.81,1.39
10-02-2020,53.27,54.2,54.71,53.11,280.18,-2.2
07-02-2020,54.47,55.14,55.4,54.21,270.8,-0.84
06-02-2020,54.93,55.56,56.58,54.25,379.87,-0.63
05-02-2020,55.28,54.05,56.46,54.05,412.27,2.45
04-02-2020,53.96,54.33,55.65,53.69,409.86,-0.9
03-02-2020,54.45,56.16,56.77,54.08,477.22,-6.38
31-01-2020,58.16,59.3,59.45,57.94,19.6,-0.22
30-01-2020,58.29,59.6,59.65,57.71,104.27,-2.54
29-01-2020,59.81,59.86,60.62,59.26,142.68,0.5
28-01-2020,59.51,59.03,60.12,58.5,248.95,0.32
27-01-2020,59.32,60.23,60.49,58.5,259.77,-2.26
24-01-2020,60.69,62.01,62.46,60.25,257.95,-2.18
23-01-2020,62.04,62.68,62.69,61.25,361.91,-1.85
22-01-2020,63.21,64.57,64.58,62.62,273.3,-2.14
21-01-2020,64.59,65.26,65.35,64.06,248.56,-0.94
20-01-2020,65.2,65.98,66,64.92,154.79,0.54
17-01-2020,64.85,64.69,65.6,64.48,238.64,0.36
16-01-2020,64.62,64.26,64.97,63.9,220.17,0.97
15-01-2020,64,64.44,64.6,63.55,229.53,-0.76
14-01-2020,64.49,64.29,65.05,63.92,270.5,0.45
13-01-2020,64.2,65.13,65.27,63.92,262.47,-1.2
10-01-2020,64.98,65.29,65.66,64.86,272.17,-0.6
09-01-2020,65.37,66,66.1,64.56,364.45,-0.11
08-01-2020,65.44,71.22,71.75,64.94,560.89,-4.15
07-01-2020,68.27,68.63,68.75,67.65,284.92,-0.93
06-01-2020,68.91,69.35,70.74,68.21,341.14,0.45
03-01-2020,68.6,66.28,69.5,66.22,479.7,3.55
02-01-2020,66.25,66.41,66.58,65.72,205.69,0.38
31-12-2019,66,66.65,66.93,65.63,171.01,-3.57
30-12-2019,68.44,68.2,68.99,68.16,29.42,0.41
27-12-2019,68.16,67.91,68.33,67.57,112.22,0.35
26-12-2019,67.92,67.27,67.99,67.22,69.82,1.07
24-12-2019,67.2,66.44,67.26,66.36,106.43,1.22
23-12-2019,66.39,66.15,66.62,65.81,131.42,0.38
20-12-2019,66.14,66.56,66.72,65.7,217.98,-0.6
19-12-2019,66.54,66.19,66.78,66.03,249.54,0.56
18-12-2019,66.17,65.84,66.43,65.56,262.34,0.11
17-12-2019,66.1,65.31,66.24,65.12,245.83,1.16
16-12-2019,65.34,65.05,65.66,64.88,186.09,0.18
13-12-2019,65.22,64.56,65.79,64.5,232.75,1.59
12-12-2019,64.2,63.9,64.85,63.87,238.31,0.75
11-12-2019,63.72,64,64.26,63.01,250.14,-0.96
10-12-2019,64.34,64.03,64.69,63.78,235.19,0.14
09-12-2019,64.25,64.29,64.5,63.61,239.77,-0.22
06-12-2019,64.39,63.41,64.88,62.83,314.6,1.58
05-12-2019,63.39,62.97,63.91,62.75,294.84,0.62
04-12-2019,63,61.08,63.51,61,319.04,3.58
03-12-2019,60.82,61.05,61.58,60.3,248.55,-0.16
02-12-2019,60.92,60.73,62.09,60.72,297.87,-2.42
29-11-2019,62.43,63.77,63.86,62.36,19.65,-2.25
28-11-2019,63.87,63.91,64,63.19,96.08,-0.3
27-11-2019,64.06,64.02,64.6,63.51,125.47,-0.33
26-11-2019,64.27,63.7,64.32,63.44,181.1,0.97
25-11-2019,63.65,63.6,63.8,62.97,212.05,0.41
22-11-2019,63.39,63.62,64.27,62.98,228.74,-0.91
21-11-2019,63.97,62.22,64.03,61.92,318.49,2.52
20-11-2019,62.4,60.94,62.8,60.3,343.31,2.45
19-11-2019,60.91,62.28,62.57,60.7,296.8,-2.45
18-11-2019,62.44,63.36,63.57,61.94,228.25,-1.36
15-11-2019,63.3,62.47,63.65,61.7,255.68,1.64
14-11-2019,62.28,62.61,63.21,62.15,234.78,-0.14
13-11-2019,62.37,61.85,62.74,61.22,273.03,0.5
12-11-2019,62.06,62.11,62.85,61.82,238.17,-0.19
11-11-2019,62.18,62.6,62.76,61.57,213.34,-0.53
08-11-2019,62.51,62.29,62.7,60.66,287.67,0.35
07-11-2019,62.29,61.73,62.89,61.65,261.07,0.89
06-11-2019,61.74,62.78,63.32,61.59,275.94,-1.94
05-11-2019,62.96,62.04,63.19,61.85,231.67,1.34
04-11-2019,62.13,61.8,62.78,61.28,235.38,0.71
01-11-2019,61.69,59.45,61.82,59.4,236.09,2.42
31-10-2019,60.23,60.57,61.13,60.07,13.9,-0.63
30-10-2019,60.61,61.6,61.93,60.45,105.87,-1.59
29-10-2019,61.59,61.61,61.98,60.66,136.93,0.03
28-10-2019,61.57,62.04,62.34,61.19,167.86,-0.73
25-10-2019,62.02,61.5,62.11,60.93,204.45,0.57
24-10-2019,61.67,60.99,61.9,60.64,215.54,0.82
23-10-2019,61.17,59.48,61.3,58.85,313.23,2.46
22-10-2019,59.7,59.05,60.26,58.75,260.6,1.26
21-10-2019,58.96,59.23,59.55,58.26,212.57,-0.77
18-10-2019,59.42,59.78,60.29,59.01,228.14,-0.82
17-10-2019,59.91,58.99,60.04,58.69,269.84,0.82
16-10-2019,59.42,58.9,59.75,58.36,257.88,1.16
15-10-2019,58.74,59.3,59.68,58,305.68,-1.03
14-10-2019,59.35,60.69,60.73,58.5,283.07,-1.92
11-10-2019,60.51,59.53,60.69,59.21,367.63,2.39
10-10-2019,59.1,58.04,59.6,57.8,262.53,1.34
09-10-2019,58.32,58.02,59.35,57.91,266.48,0.14
08-10-2019,58.24,58.47,58.92,57.38,274.74,-0.19
07-10-2019,58.35,58.02,59.68,58.02,228.41,-0.03
04-10-2019,58.37,57.69,58.96,57.67,299.92,1.14
03-10-2019,57.71,57.54,57.99,56.15,336.9,0.03
02-10-2019,57.69,59.25,59.5,57.22,307.91,-2.04
01-10-2019,58.89,59.38,60.1,58.41,291.67,-3.11
30-09-2019,60.78,62.24,62.24,60.73,22.01,-1.83
27-09-2019,61.91,62.48,62.75,60.76,97.33,-1.32
26-09-2019,62.74,62.58,62.92,61.45,115.57,0.56
25-09-2019,62.39,62.44,62.81,61.23,201.47,-1.13
24-09-2019,63.1,64.4,64.6,62.3,216.28,-2.58
23-09-2019,64.77,65.23,65.5,63.53,204.78,0.76
