Date,Price,Open,High,Low,Vol.,Change %
2024-09-19,71.16,69.15,71.53,69.13,354.93,1.83
2024-09-18,69.88,69.98,70.31,68.58,367.19,-0.11
2024-09-17,69.96,69.35,70.65,68.51,289.93,1.36
2024-09-16,69.02,68.22,69.61,67.7,235.88,1.63
2024-09-13,67.75,68.35,69.35,67.58,230.3,-0.59
2024-08-30,72.65,74.69,75.31,72.46,210.33,-2.71
2024-08-29,74.67,73.31,75.51,72.92,224.37,1.67
2024-08-28,73.44,74.71,74.88,72.92,131.59,-1.37
2024-08-27,74.46,75.93,76.21,74.34,154.88,-2.24
2024-08-26,76.17,74.13,76.4,74.08,209.3,3.03
2024-08-23,73.93,72.21,74.17,72.12,131.32,2.28
2024-08-22,72.28,71.36,72.77,71.0,143.77,1.37
2024-08-21,71.3,72.42,73.39,70.88,178.98,-2.56
2024-08-20,73.17,73.74,74.38,72.54,329.28,-0.67
2024-08-19,73.66,75.47,75.73,73.45,422.1,-2.49
2024-08-16,75.54,76.81,76.98,74.52,317.68,-1.88
2024-08-15,76.99,76.07,77.38,75.7,237.54,1.52
2024-08-14,75.84,77.1,77.52,75.66,344.94,-1.25
2024-08-13,76.8,78.09,78.43,76.65,283.2,-2.12
2024-07-31,76.84,74.37,77.54,74.27,239.72,4.01
2024-07-30,73.88,74.87,74.92,73.73,229.37,-1.23
2024-07-29,74.8,76.02,76.52,74.34,178.81,-1.58
2024-07-26,76.0,77.18,77.41,75.08,161.41,-1.44
2024-07-25,77.11,76.43,77.28,75.05,224.03,0.69
2024-07-24,76.58,76.35,77.08,75.93,184.2,0.87
2024-07-23,75.92,77.15,77.63,75.45,191.99,-3.16
2024-07-22,78.4,78.95,79.13,77.55,345.24,-0.31
2024-07-19,78.64,80.88,81.34,78.59,427.06,-3.27
2024-07-18,81.3,81.68,82.27,80.61,398.37,-0.17
2024-07-17,81.44,79.82,81.63,79.43,419.58,2.17
2024-07-16,79.71,80.85,80.87,79.22,272.2,-1.4
2024-07-15,80.84,80.96,81.35,80.36,216.42,-0.22
2024-06-28,80.64,80.96,81.78,80.15,110.62,-0.24
2024-06-27,80.83,80.14,81.21,79.81,158.9,0.8
2024-06-26,80.19,79.97,80.85,79.5,147.98,0.15
2024-06-25,80.07,80.97,81.12,79.8,173.57,-0.98
2024-06-24,80.86,79.77,80.99,79.52,158.61,1.13
2024-06-21,79.96,80.44,80.94,79.59,163.22,-1.64
2024-06-20,81.29,80.75,81.52,80.3,420.5,0.87
2024-06-18,80.71,79.92,80.85,79.17,485.71,1.24
2024-06-17,79.72,78.12,80.01,77.58,402.74,2.14
2024-06-14,78.05,77.65,78.8,77.42,316.38,-0.27
2024-06-13,78.26,78.01,78.54,77.35,301.73,0.14
2024-05-31,76.73,77.5,78.27,76.37,157.56,-1.04
2024-05-30,77.54,78.87,78.97,77.3,176.67,-1.6
2024-05-29,78.8,79.78,80.11,78.57,123.48,-0.69
2024-05-28,79.35,77.36,79.79,77.24,121.48,0.89
2024-05-24,77.23,76.62,77.55,75.75,139.52,1.01
2024-05-23,76.46,76.9,78.21,76.03,125.72,-0.89
2024-05-22,77.15,77.9,78.03,76.85,139.45,-1.92
2024-05-21,78.66,79.23,79.3,77.65,371.67,-0.81
2024-05-20,79.3,79.58,80.11,78.67,342.09,-0.35
2024-05-17,79.58,78.92,79.66,78.58,321.03,1.07
2024-05-16,78.74,78.36,79.3,77.75,277.25,0.74
2024-05-15,78.16,78.03,78.43,76.36,299.56,0.66
2024-05-14,77.65,78.72,78.86,77.26,259.53,-1.21
2024-05-13,78.6,77.76,78.99,77.35,200.28,0.98
2024-04-30,81.28,82.16,82.65,80.34,233.66,-0.91
2024-04-29,82.03,82.99,83.19,81.81,170.81,-1.32
2024-04-26,83.13,82.97,83.63,82.59,98.78,0.46
2024-04-25,82.75,82.09,83.0,81.27,132.56,0.8
2024-04-24,82.09,82.6,82.9,81.71,142.45,-0.57
2024-04-23,82.56,81.43,82.62,80.25,172.23,0.81
2024-04-22,81.9,81.84,82.29,80.7,313.91,-0.39
2024-04-19,82.22,81.99,85.64,81.13,556.46,0.15
2024-04-18,82.1,82.28,82.84,81.06,366.75,-0.06
2024-04-17,82.15,84.82,84.97,82.01,387.63,-3.16
2024-04-16,84.83,85.16,85.6,84.22,217.44,-0.04
2024-04-15,84.86,84.99,85.5,83.49,253.34,-0.26
2024-03-28,82.42,81.11,82.46,80.91,148.49,2.03
2024-03-27,80.78,80.71,81.12,79.99,109.07,-0.32
2024-03-26,81.04,81.44,81.77,80.63,118.75,-0.42
2024-03-25,81.38,80.4,81.84,80.13,153.14,1.51
2024-03-22,80.17,80.39,80.97,79.99,103.44,-0.58
2024-03-21,80.64,81.0,81.38,79.91,115.75,-0.78
2024-03-20,81.27,82.53,82.65,80.83,351.16,-1.76
2024-03-19,82.73,82.21,83.12,81.81,341.7,0.69
2024-03-18,82.16,80.58,82.5,80.56,323.92,1.96
2024-03-15,80.58,80.58,80.89,80.01,215.8,-0.2
2024-03-14,80.74,79.24,81.03,79.15,248.8,1.82
2024-03-13,79.3,77.72,79.46,77.31,209.24,2.65
2024-02-29,77.45,77.5,78.35,77.2,154.8,-0.49
2024-02-28,77.83,77.88,78.83,77.17,142.99,-0.51
2024-02-27,78.23,77.11,78.33,76.67,98.88,1.48
2024-02-26,77.09,76.04,77.55,75.5,117.05,1.33
2024-02-23,76.08,77.71,77.74,75.89,134.05,-2.37
2024-02-22,77.93,77.46,78.17,76.62,145.39,0.8
2024-02-21,77.31,76.74,77.45,75.95,133.71,0.35
2024-02-20,77.04,78.34,78.56,76.8,435.24,-1.37
2024-02-16,78.46,77.63,78.52,76.69,451.36,1.12
2024-02-15,77.59,76.33,78.07,75.52,342.33,1.61
2024-02-14,76.36,77.48,78.43,76.12,276.33,-1.55
2024-02-13,77.56,76.9,78.1,76.77,253.5,0.96
2024-01-31,75.71,77.66,77.91,75.38,104.94,-2.5
2024-01-30,77.65,76.75,77.95,75.73,118.71,1.28
2024-01-29,76.67,78.72,79.09,76.3,103.54,-1.53
2024-01-26,77.86,77.1,78.09,75.92,135.88,0.87
2024-01-25,77.19,75.3,77.32,75.05,89.28,2.95
2024-01-24,74.98,74.47,75.7,73.85,100.36,0.96
2024-01-23,74.27,74.62,75.1,73.35,107.72,-0.66
2024-01-22,74.76,73.6,75.46,72.56,372.28,2.06
2024-01-19,73.25,73.92,74.63,72.99,360.03,-0.95
2024-01-18,73.95,72.73,74.19,72.1,396.28,2.03
2024-01-17,72.48,72.11,72.86,70.62,348.48,-0.06
2024-01-16,72.52,72.73,73.68,71.39,312.94,-0.37
2023-12-29,71.84,72.15,72.8,71.47,63.48,-0.18
2023-12-28,71.97,74.04,74.62,71.92,94.29,-3.19
2023-12-27,74.34,75.57,75.81,74.01,80.38,-1.81
2023-12-26,75.71,73.74,76.31,73.32,56.76,2.6
2023-12-22,73.73,74.07,75.11,73.55,76.79,-0.45
2023-12-21,74.06,73.99,74.78,72.65,81.11,-0.52
2023-12-20,74.45,74.31,75.56,73.87,98.97,0.69
2023-12-19,73.94,72.93,74.45,72.14,230.04,1.54
2023-12-18,72.82,72.05,74.61,70.99,354.89,1.45
2023-12-15,71.78,71.91,72.56,70.64,262.87,-0.18
2023-12-14,71.91,70.08,72.73,69.82,224.16,3.14
2023-12-13,69.72,68.99,70.15,67.98,185.24,1.26
2023-11-30,76.05,77.79,79.67,75.16,209.44,-2.49
2023-11-29,77.99,76.67,78.18,75.87,112.41,1.83
2023-11-28,76.59,75.32,77.13,74.88,121.44,2.0
2023-11-27,75.09,75.57,76.42,74.35,84.35,-0.9
2023-11-24,75.77,76.94,77.25,75.32,74.98,-0.75
2023-11-22,77.25,77.92,78.11,73.98,99.86,-0.86
2023-11-21,77.92,77.69,78.04,77.04,69.05,0.12
2023-11-20,77.83,75.8,78.46,75.41,270.64,2.35
2023-11-17,76.04,73.11,76.19,72.91,368.48,4.04
2023-11-16,73.09,76.71,76.8,72.37,428.82,-4.82
2023-11-15,76.79,78.1,78.69,76.45,253.17,-1.77
2023-11-14,78.17,78.48,79.65,77.73,166.18,-0.03
2023-11-13,78.19,77.18,78.54,76.19,157.42,1.35
2023-10-31,80.5,81.96,82.77,80.26,135.89,-1.44
2023-10-30,81.68,84.25,84.39,81.16,119.75,-3.57
2023-10-27,84.7,82.88,85.0,82.41,101.15,2.62
2023-10-26,82.54,84.58,84.85,81.97,107.55,-2.54
2023-10-25,84.69,82.99,84.85,81.44,141.32,2.07
2023-10-24,82.97,85.05,85.22,82.16,136.15,-1.72
2023-10-23,84.42,86.69,87.0,84.3,101.18,-4.16
2023-10-20,88.08,89.09,89.85,87.53,311.92,-0.33
2023-10-19,88.37,87.22,89.54,85.44,384.03,1.26
2023-10-18,87.27,86.41,88.57,86.25,384.53,2.14
2023-10-17,85.44,85.69,86.44,84.39,229.52,0.21
2023-10-16,85.26,86.37,86.94,85.0,205.58,-1.26
2023-10-13,86.35,82.27,86.51,82.17,290.38,5.56
2023-09-29,88.8,89.7,90.96,88.45,156.93,-0.88
2023-09-28,89.59,91.44,92.48,89.31,226.83,-1.87
2023-09-27,91.3,88.92,91.73,88.8,293.27,2.84
2023-09-26,88.78,88.3,89.09,86.74,137.24,0.69
2023-09-25,88.17,88.83,89.07,87.52,161.52,-0.2
2023-09-22,88.35,88.27,89.65,87.82,253.89,0.03
2023-09-21,88.32,88.07,89.5,87.15,162.03,-1.49
2023-09-20,89.66,90.63,91.07,88.97,457.85,-0.91
2023-09-19,90.48,90.97,92.43,90.31,537.52,-0.11
2023-09-18,90.58,90.41,91.36,89.91,414.19,0.62
2023-09-15,90.02,90.07,90.56,88.65,321.84,0.46
2023-09-14,89.61,88.19,90.2,88.04,257.68,1.97
2023-09-13,87.88,88.07,88.92,87.66,250.86,-0.32
2023-08-31,82.96,81.14,83.02,81.0,150.23,2.27
2023-08-30,81.12,80.78,81.54,80.43,80.26,0.55
2023-08-29,80.68,79.55,80.91,78.94,88.15,1.27
2023-08-28,79.67,79.69,80.44,79.25,71.33,0.23
2023-08-25,79.49,78.49,79.98,77.82,165.22,1.06
2023-08-24,78.66,78.3,78.95,77.32,149.9,0.09
2023-08-23,78.59,79.35,79.6,77.34,127.19,-1.32
2023-08-22,79.64,80.25,80.37,79.46,287.49,-0.6
2023-08-21,80.12,80.76,81.75,79.97,361.84,-0.67
2023-08-18,80.66,79.58,80.97,79.02,377.45,0.95
2023-08-17,79.9,78.91,80.61,78.6,239.17,1.11
2023-08-16,79.02,80.74,80.97,78.68,237.71,-1.84
2023-08-15,80.5,81.98,82.33,79.95,198.94,-1.73
2023-08-14,81.92,82.46,82.51,81.19,126.69,-0.79
2023-07-31,81.32,80.23,81.5,79.72,92.51,1.42
2023-07-28,80.18,79.33,80.29,78.67,101.33,0.69
2023-07-27,79.63,78.49,80.08,78.47,138.78,1.57
2023-07-26,78.4,78.88,79.31,78.17,112.97,-1.01
2023-07-25,79.2,78.47,79.46,77.93,122.79,1.02
2023-07-24,78.4,76.62,78.89,76.16,109.57,2.11
2023-07-21,76.78,75.45,76.98,75.45,106.73,1.49
2023-07-20,75.65,75.33,76.15,74.52,340.96,0.48
2023-07-19,75.29,75.75,76.87,75.02,385.6,-0.49
2023-07-18,75.66,74.08,75.9,73.82,388.37,2.13
2023-07-17,74.08,74.88,76.0,73.78,248.26,-1.65
2023-07-14,75.32,77.02,77.11,75.06,204.78,-1.88
2023-07-13,76.76,75.64,77.15,75.23,297.92,1.62
2023-06-30,70.78,69.95,71.17,69.69,136.64,1.09
2023-06-29,70.02,69.37,70.73,69.11,106.17,0.42
2023-06-28,69.73,68.2,69.9,67.27,159.54,2.7
2023-06-27,67.9,69.63,70.29,67.71,170.46,-2.36
2023-06-26,69.54,69.93,70.24,68.88,94.21,0.32
2023-06-23,69.32,69.66,69.77,67.52,113.92,-0.45
2023-06-22,69.63,72.4,72.62,69.07,234.79,-3.99
2023-06-21,72.52,70.86,72.69,70.8,97.51,1.87
2023-06-20,71.19,71.69,72.38,69.76,430.49,-0.17
2023-06-16,71.93,70.81,72.03,70.18,297.84,1.58
2023-06-15,70.81,68.92,71.15,68.14,262.83,3.43
2023-06-14,68.46,69.51,70.64,68.26,212.22,-1.61
2023-06-13,69.58,67.45,69.97,67.31,253.16,3.4
2023-05-31,68.24,69.67,69.81,67.21,157.34,-1.95
2023-05-30,69.6,73.22,73.62,69.16,117.5,-4.49
2023-05-26,72.76,71.99,73.12,71.59,77.58,1.15
2023-05-25,71.93,74.18,74.34,71.03,154.73,-3.18
2023-05-24,74.29,73.68,74.65,73.09,121.83,1.98
2023-05-23,72.85,72.0,73.72,71.63,92.34,1.11
2023-05-22,72.05,71.87,72.53,70.67,263.98,0.5
2023-05-19,71.69,72.06,73.58,71.18,312.43,-0.35
2023-05-18,71.94,72.82,72.97,71.52,239.92,-1.3
2023-05-17,72.89,70.6,73.3,70.05,219.09,2.89
2023-05-16,70.84,71.28,71.76,70.44,153.07,-0.35
2023-05-15,71.09,70.02,71.67,69.39,159.52,1.53
2023-04-28,76.61,74.71,76.74,73.8,111.02,2.72
2023-04-27,74.58,74.3,75.12,73.88,125.42,0.53
2023-04-26,74.19,76.93,77.7,73.94,180.08,-3.49
2023-04-25,76.87,78.55,78.9,76.33,134.66,-2.2
2023-04-24,78.6,77.82,79.0,76.57,103.04,1.15
2023-04-21,77.71,76.85,78.14,76.49,109.19,0.44
2023-04-20,77.37,79.03,79.07,76.97,361.41,-2.36
2023-04-19,79.24,80.96,81.24,78.53,350.78,-2.05
2023-04-18,80.9,81.0,81.52,79.91,311.78,0.09
2023-04-17,80.83,82.42,82.62,80.46,229.97,-1.94
2023-04-14,82.43,82.3,82.99,81.64,205.48,0.48
2023-04-13,82.04,83.07,83.27,82.0,155.56,-1.26
2023-03-31,75.8,74.44,75.83,73.89,125.24,1.76
2023-03-30,74.49,73.07,74.72,72.76,99.83,1.87
2023-03-29,73.12,73.74,74.48,72.92,133.99,-0.3
2023-03-28,73.34,72.93,74.04,72.33,138.51,0.56
2023-03-27,72.93,69.75,73.2,69.27,125.01,5.07
2023-03-24,69.41,69.67,70.53,67.02,153.65,-1.01
2023-03-23,70.12,70.07,71.79,69.3,166.52,-1.27
2023-03-22,71.02,69.57,71.43,69.03,148.11,1.94
2023-03-21,69.67,67.83,69.77,66.9,409.5,2.73
2023-03-20,67.82,66.9,67.9,64.36,418.54,1.33
2023-03-17,66.93,68.47,69.83,65.38,482.49,-2.32
2023-03-16,68.52,68.38,69.53,65.89,251.5,1.15
2023-03-15,67.74,71.69,72.71,65.79,356.42,-5.25
2023-03-14,71.49,74.77,75.02,70.94,216.69,-4.57
2023-03-13,74.91,76.77,77.56,72.44,167.4,-2.44
2023-02-28,77.19,75.87,77.93,75.68,88.93,1.82
2023-02-27,75.81,76.61,76.95,75.14,79.74,-0.86
2023-02-24,76.47,75.85,76.75,74.3,101.33,1.15
2023-02-23,75.6,74.19,76.17,74.07,99.17,1.9
2023-02-22,74.19,76.29,76.72,74.05,98.82,-2.84
2023-02-21,76.36,76.64,77.74,75.9,402.35,-1.22
2023-02-17,76.55,78.35,78.5,75.32,343.63,-2.78
2023-02-16,78.74,78.68,79.76,78.18,204.09,-0.11
2023-02-15,78.83,79.04,79.37,77.47,150.59,-0.52
2023-02-14,79.24,79.5,79.84,77.71,192.27,-1.36
2023-02-13,80.33,80.05,80.78,78.67,155.59,0.51
2023-01-31,79.17,78.19,79.53,76.85,88.38,1.27
2023-01-30,78.18,80.12,80.78,77.96,101.7,-2.23
2023-01-27,79.96,81.44,82.69,79.32,123.92,-1.62
2023-01-26,81.28,80.44,82.38,80.21,98.18,1.04
2023-01-25,80.44,80.44,81.5,79.77,101.06,0.0
2023-01-24,80.44,81.94,82.51,79.98,93.04,-1.82
2023-01-23,81.93,82.12,82.89,81.32,104.29,0.36
2023-01-20,81.64,80.84,81.91,79.91,300.15,1.28
2023-01-19,80.61,79.43,81.49,78.45,321.13,1.02
2023-01-18,79.8,81.34,82.66,79.21,326.23,-0.81
2023-01-17,80.45,80.34,81.51,78.8,267.91,1.78
2023-01-13,80.11,78.58,80.37,78.23,189.32,1.86
2022-12-30,80.45,78.75,80.81,77.85,72.81,2.48
2022-12-29,78.5,79.01,79.01,76.94,53.32,-0.73
2022-12-28,79.08,80.02,80.02,77.45,62.68,-0.7
2022-12-27,79.64,79.99,81.21,79.28,67.69,-1.64
2022-12-23,79.64,78.14,80.19,77.87,79.46,2.87
2022-12-22,77.42,78.28,79.77,77.01,62.7,-1.05
2022-12-21,78.24,76.0,78.56,75.81,65.19,2.64
2022-12-20,76.23,75.77,76.96,74.46,254.79,1.13
2022-12-19,75.38,74.62,76.64,74.03,257.46,1.24
2022-12-16,74.46,76.33,76.58,73.4,271.86,-2.22
2022-12-15,76.15,77.4,77.83,75.41,188.5,-1.5
2022-12-14,77.31,75.22,77.76,74.96,185.52,2.48
2022-12-13,75.44,73.43,76.3,73.33,190.74,2.95
2022-11-30,80.66,78.98,81.41,78.48,90.29,3.04
2022-11-29,78.28,76.66,79.73,76.4,109.11,1.23
2022-11-28,77.33,76.19,77.89,73.77,132.62,1.18
2022-11-25,76.43,77.57,79.92,76.37,59.52,-1.95
2022-11-23,78.07,80.86,81.7,76.95,120.39,-3.29
2022-11-22,80.73,80.14,82.03,79.74,85.2,0.86
2022-11-21,80.04,80.26,80.5,75.27,475.1,-0.09
2022-11-18,80.11,81.86,82.43,77.59,480.54,-1.58
2022-11-17,81.4,84.98,84.98,81.19,390.06,-4.24
2022-11-16,85.0,86.23,86.9,83.67,191.29,-1.45
2022-11-15,86.25,84.62,88.05,83.54,239.6,1.28
2022-11-14,85.16,88.24,89.03,84.51,183.53,-3.4
2022-10-31,85.4,87.06,87.36,84.16,81.4,-1.4
2022-10-28,86.61,87.41,87.51,85.86,78.71,-1.39
2022-10-27,87.83,87.06,88.45,86.12,110.53,1.33
2022-10-26,86.68,84.03,87.17,83.17,80.03,2.81
2022-10-25,84.31,83.93,85.0,82.14,77.8,0.86
2022-10-24,83.59,84.05,84.8,81.61,58.38,-0.43
2022-10-21,83.95,83.78,84.64,82.05,83.09,-0.66
2022-10-20,84.51,84.91,87.14,84.16,338.34,-0.01
2022-10-19,84.52,82.91,85.02,81.72,357.72,2.99
2022-10-18,82.07,84.8,85.53,81.3,367.5,-2.91
2022-10-17,84.53,84.63,86.18,83.7,174.19,-0.14
2022-10-14,84.65,88.15,88.52,84.22,161.13,-3.75
2022-10-13,87.95,86.01,88.38,84.43,185.66,2.2
2022-09-30,78.72,80.86,81.72,78.36,95.34,-2.11
2022-09-29,80.42,81.0,81.99,79.45,127.46,-1.01
2022-09-28,81.24,77.38,81.4,75.84,156.31,4.41
2022-09-27,77.81,75.9,78.92,75.88,123.82,2.14
2022-09-26,76.18,78.75,79.76,75.7,106.23,-2.65
2022-09-23,78.25,83.15,83.45,77.64,143.23,-5.76
2022-09-22,83.03,82.54,85.44,81.89,121.08,0.73
2022-09-21,82.43,83.6,85.99,82.0,144.13,-1.8
2022-09-20,83.94,85.02,86.12,83.01,279.81,-1.66
2022-09-19,85.36,84.81,85.88,81.73,262.9,0.71
2022-09-16,84.76,84.66,86.18,83.86,231.14,0.13
2022-09-15,84.65,88.7,88.7,84.09,182.29,-3.86
2022-09-14,88.05,87.24,89.63,85.75,208.02,1.34
2022-09-13,86.89,87.82,88.9,84.66,183.48,-0.59
2022-08-31,89.03,91.85,92.26,87.92,99.45,-2.35
2022-08-30,91.17,95.8,96.82,90.06,120.37,-5.22
2022-08-29,96.19,92.28,96.46,91.66,85.04,4.11
2022-08-26,92.39,92.68,93.62,90.69,100.62,0.22
2022-08-25,92.19,94.82,95.3,91.95,81.5,-2.34
2022-08-24,94.4,93.23,94.92,92.36,92.6,1.23
2022-08-23,93.25,90.1,93.65,90.1,92.18,3.2
2022-08-22,90.36,89.63,91.03,86.28,352.67,-0.09
2022-08-19,90.44,90.0,91.69,87.95,255.42,0.37
2022-08-18,90.11,87.1,91.03,86.92,247.56,2.76
2022-08-17,87.69,86.71,88.66,85.48,187.6,1.78
2022-08-16,86.16,87.39,90.07,85.37,191.53,-3.03
2022-08-15,88.85,91.3,91.47,86.29,134.21,-2.85
2022-07-29,96.75,95.42,99.75,94.59,116.64,2.22
2022-07-28,94.65,96.09,97.82,94.28,96.14,-0.67
2022-07-27,95.29,93.51,96.53,92.3,105.4,2.59
2022-07-26,92.88,93.95,96.6,92.64,89.07,-1.63
2022-07-25,94.42,92.83,94.62,90.79,92.7,2.15
2022-07-22,92.43,93.78,95.24,91.77,106.6,-1.44
2022-07-21,93.78,96.88,96.93,91.84,106.7,-6.11
2022-07-20,99.88,100.34,100.72,98.16,315.62,-0.85
2022-07-19,100.74,98.86,100.99,96.52,327.21,1.33
2022-07-18,99.42,94.34,99.62,92.88,291.7,5.13
2022-07-15,94.57,93.51,96.05,91.64,189.25,1.87
2022-07-14,92.83,94.14,94.49,88.23,255.52,-1.07
2022-07-13,93.83,93.3,95.34,91.14,187.17,0.56
2022-06-30,103.1,106.67,107.76,102.68,156.01,-3.65
2022-06-29,107.01,109.0,111.14,106.45,101.28,-1.73
2022-06-28,108.89,107.0,109.31,106.59,107.61,2.36
2022-06-27,106.38,104.37,107.28,102.48,90.13,1.85
2022-06-24,104.45,101.31,105.44,100.84,116.65,2.83
2022-06-23,101.58,102.53,104.62,100.24,120.06,-2.32
2022-06-22,103.99,107.33,107.56,99.66,141.2,-5.05
2022-06-21,109.52,108.75,111.16,106.82,427.26,0.62
2022-06-17,107.99,114.74,116.58,106.4,426.0,-6.3
2022-06-16,115.25,114.09,115.73,110.43,291.85,1.91
2022-06-15,113.09,116.41,116.93,112.37,198.93,-2.73
2022-06-14,116.26,118.45,120.88,114.2,203.95,-1.68
2022-06-13,118.25,117.71,119.57,114.9,150.05,0.11
2022-05-31,111.91,112.1,117.07,111.5,113.51,-4.85
2022-05-27,112.23,111.25,112.42,110.06,57.72,0.88
2022-05-26,111.25,108.05,111.88,107.6,78.22,3.25
2022-05-25,107.75,107.68,108.97,106.71,56.92,0.51
2022-05-24,107.2,107.68,108.76,105.94,65.22,-0.32
2022-05-23,107.54,107.34,108.76,106.32,70.51,-2.48
2022-05-20,110.28,109.26,111.04,108.13,229.93,0.35
2022-05-19,109.89,106.96,110.16,103.24,340.08,2.66
2022-05-18,107.04,110.77,112.39,106.06,311.84,-2.36
2022-05-17,109.63,111.61,113.2,108.96,204.75,-1.96
2022-05-16,111.82,109.0,112.47,106.27,166.04,2.94
2022-05-13,108.63,104.91,108.77,104.64,134.31,4.05
2022-04-29,102.94,103.12,105.99,102.14,98.35,-0.51
2022-04-28,103.47,100.59,103.77,98.75,104.93,2.77
2022-04-27,100.68,100.76,101.68,98.65,76.99,0.27
2022-04-26,100.41,97.77,101.5,96.37,100.12,2.81
2022-04-25,97.67,100.38,100.48,94.47,87.65,-3.34
2022-04-22,101.05,102.01,103.34,100.08,60.24,-1.86
2022-04-21,102.96,101.66,104.47,101.25,74.66,0.75
2022-04-20,102.19,102.38,103.96,99.88,299.03,0.14
2022-04-19,102.05,107.06,108.37,101.51,339.81,-5.17
2022-04-18,107.61,106.46,109.2,105.43,202.72,1.16
2022-04-14,106.38,103.79,107.0,101.69,159.77,2.5
2022-04-13,103.79,100.35,104.0,99.51,186.11,3.63
2022-03-31,98.52,105.3,105.64,97.88,185.64,-6.78
2022-03-30,105.68,103.04,106.44,102.41,83.36,3.56
2022-03-29,102.05,101.29,105.45,96.52,119.63,-1.32
2022-03-28,103.42,110.22,110.22,100.43,125.75,-6.88
2022-03-25,111.06,108.29,111.26,105.86,103.66,1.49
2022-03-24,109.43,111.41,113.51,107.79,106.02,-2.29
2022-03-23,111.99,105.84,112.34,105.69,120.34,2.49
2022-03-22,109.27,110.91,113.35,107.1,318.63,-0.64
2022-03-21,109.97,103.62,111.08,102.47,279.31,6.67
2022-03-18,103.09,102.23,104.67,100.96,207.44,1.42
2022-03-17,101.65,94.08,102.69,93.41,221.54,8.61
2022-03-16,93.59,93.7,97.93,92.68,163.42,-1.27
2022-03-15,94.79,100.55,100.92,92.2,205.7,-6.32
2022-03-14,101.18,106.64,106.65,97.89,162.18,-4.82
2022-02-28,93.5,92.97,96.92,92.42,176.43,4.02
2022-02-25,89.89,91.48,93.73,88.49,160.46,-1.15
2022-02-24,90.94,91.08,98.44,89.65,289.12,0.28
2022-02-23,90.69,90.31,92.36,89.34,150.13,-1.33
2022-02-22,91.91,91.32,94.95,89.06,789.04,-0.8
2022-02-18,90.21,90.06,91.07,87.46,566.36,0.19
2022-02-17,90.04,89.25,91.51,88.83,442.04,-1.95
2022-02-16,91.83,90.31,93.07,88.2,351.33,1.8
2022-02-15,90.21,92.84,93.16,88.94,258.03,-3.52
2022-02-14,93.5,92.06,93.83,90.45,213.15,2.28
2022-01-31,86.49,85.92,86.68,84.96,144.7,1.24
2022-01-28,85.43,86.0,87.36,85.06,144.85,0.16
2022-01-27,85.29,85.71,87.08,84.9,153.94,-0.78
2022-01-26,85.96,84.1,86.51,83.84,175.93,1.88
2022-01-25,84.37,83.32,84.54,82.14,223.59,2.38
2022-01-24,82.41,83.84,85.1,81.06,153.83,-2.06
2022-01-21,84.14,83.65,84.53,81.96,159.57,-1.65
2022-01-20,85.55,85.06,87.1,84.2,532.2,-0.29
2022-01-19,85.8,85.89,86.79,84.99,511.05,1.14
2022-01-18,84.83,83.77,85.98,82.93,494.0,1.36
2022-01-14,83.3,81.21,83.79,81.1,323.11,2.06
2022-01-13,81.62,82.12,82.29,80.91,289.31,-0.49
2021-12-31,74.88,76.12,76.68,74.63,63.14,-2.26
2021-12-30,76.61,76.2,77.06,75.42,61.02,0.56
2021-12-29,76.18,75.71,76.99,75.01,78.61,0.77
2021-12-28,75.6,75.58,76.5,75.12,66.33,0.56
2021-12-27,75.18,73.0,75.68,72.22,76.67,2.4
2021-12-23,73.42,72.59,73.6,71.84,95.32,1.51
2021-12-22,72.33,70.97,72.71,70.48,94.3,2.13
2021-12-21,70.82,68.94,71.21,68.27,99.77,3.22
2021-12-20,68.61,69.88,69.98,66.12,492.22,-2.98
2021-12-17,70.72,71.79,72.05,69.7,351.3,-1.98
2021-12-16,72.15,71.28,72.74,70.87,329.08,2.11
2021-12-15,70.66,70.12,71.45,69.21,191.2,0.2
2021-12-14,70.52,70.91,71.79,69.32,177.57,-0.76
2021-12-13,71.06,71.84,72.82,70.54,209.97,-0.59
2021-11-30,65.85,69.69,70.86,64.16,184.46,-5.42
2021-11-29,69.62,68.93,72.48,68.4,169.53,2.62
2021-11-26,67.84,77.75,78.07,67.14,239.79,-12.36
2021-11-24,77.81,77.9,78.59,77.41,83.84,-0.17
2021-11-23,77.94,75.81,78.23,74.77,171.03,2.39
2021-11-22,76.12,75.07,76.47,74.06,112.64,0.24
2021-11-19,75.94,78.29,79.33,75.09,623.45,-3.15
2021-11-18,78.41,77.49,78.8,76.44,426.77,1.11
2021-11-17,77.55,79.6,79.71,76.93,504.94,-2.75
2021-11-16,79.74,79.8,80.68,78.97,208.6,-0.01
2021-11-15,79.75,79.59,80.04,78.28,185.74,0.08
2021-10-29,81.78,81.71,81.96,80.14,173.71,0.39
2021-10-28,81.46,81.05,81.85,79.37,155.2,-0.02
2021-10-27,81.48,83.11,83.21,80.84,142.73,-2.26
2021-10-26,83.36,82.61,83.51,81.97,171.17,0.91
2021-10-25,82.61,82.64,83.83,82.24,255.2,0.13
2021-10-22,82.5,81.43,82.92,80.62,173.25,1.4
2021-10-21,81.36,82.45,82.71,79.79,169.88,-2.47
2021-10-20,83.42,82.46,83.65,80.78,530.69,1.19
2021-10-19,82.44,81.58,82.99,81.08,531.47,0.92
2021-10-18,81.69,82.0,83.18,81.21,501.07,-0.05
2021-10-15,81.73,80.93,82.0,80.86,284.73,1.19
2021-10-14,80.77,79.94,81.14,79.79,300.57,1.19
2021-10-13,79.82,79.83,80.36,78.78,304.96,-0.13
2021-09-30,74.7,74.47,75.72,72.82,239.15,0.27
2021-09-29,74.5,73.95,75.39,73.37,169.91,-0.53
2021-09-28,74.9,75.05,76.26,73.86,177.68,-0.24
2021-09-27,75.08,73.83,75.35,73.79,207.11,2.0
2021-09-24,73.61,72.91,73.86,72.47,152.84,0.9
2021-09-23,72.95,71.6,73.1,71.29,185.63,1.47
2021-09-22,71.89,70.48,71.96,70.27,146.9,1.99
2021-09-21,70.49,70.43,71.48,69.39,393.4,0.5
2021-09-20,70.14,71.81,71.93,69.71,377.95,-2.34
2021-09-17,71.82,72.33,72.5,71.03,288.46,-0.76
2021-09-16,72.37,72.42,72.72,71.29,232.72,0.06
2021-09-15,72.33,70.47,72.87,70.43,268.43,2.99
2021-09-14,70.23,70.38,70.97,69.75,242.42,0.06
2021-09-13,70.19,69.35,70.68,69.26,194.03,1.04
2021-08-31,68.26,68.89,69.07,67.92,90.7,-0.97
2021-08-30,68.93,68.94,69.36,67.53,129.09,0.66
2021-08-27,68.48,67.47,68.69,67.18,107.41,2.06
2021-08-26,67.1,67.78,67.97,66.71,102.0,-1.41
2021-08-25,68.06,67.33,68.23,66.63,107.2,1.2
2021-08-24,67.25,65.24,67.49,65.15,91.59,2.92
2021-08-23,65.34,61.75,65.66,61.5,106.6,5.15
2021-08-20,62.14,63.65,64.04,61.82,365.01,-2.14
2021-08-19,63.5,64.45,64.57,62.41,494.97,-2.62
2021-08-18,65.21,66.34,67.23,64.17,386.36,-1.7
2021-08-17,66.34,67.17,67.46,66.09,232.41,-1.06
2021-08-16,67.05,67.63,68.03,65.51,205.58,-1.7
2021-08-13,68.21,68.75,68.99,67.55,145.27,-1.0
2021-07-30,73.23,72.75,73.52,72.3,97.78,0.34
2021-07-29,72.98,71.8,73.02,71.66,110.6,1.66
2021-07-28,71.79,71.36,72.0,71.16,96.97,0.91
2021-07-27,71.14,71.61,71.76,70.62,114.13,-0.28
2021-07-26,71.34,71.46,71.71,69.9,105.91,-0.06
2021-07-23,71.38,70.97,71.48,70.69,73.54,0.34
2021-07-22,71.14,69.5,71.26,69.11,134.22,2.26
2021-07-21,69.57,65.86,69.75,65.86,151.83,3.53
2021-07-20,67.2,66.61,67.61,65.01,561.63,1.28
2021-07-19,66.35,71.09,71.4,65.56,731.96,-7.28
2021-07-16,71.56,71.21,72.04,70.16,359.21,0.25
2021-07-15,71.38,72.43,72.48,71.02,329.01,-1.73
2021-07-14,72.64,74.58,74.89,71.7,375.43,-2.74
2021-07-13,74.69,73.51,74.9,73.07,286.33,1.7
2021-06-30,72.77,72.77,73.45,72.1,146.95,0.64
2021-06-29,72.31,72.04,73.07,71.28,113.12,0.15
2021-06-28,72.2,73.27,73.7,71.92,104.66,-1.54
2021-06-25,73.33,72.65,73.4,72.11,144.56,0.96
2021-06-24,72.63,72.56,72.86,71.64,131.48,0.37
2021-06-23,72.36,72.1,73.33,72.01,170.19,-0.67
2021-06-22,72.85,73.04,73.47,72.47,498.56,-0.37
2021-06-21,73.12,71.15,73.28,70.78,591.31,2.57
2021-06-18,71.29,70.8,71.82,69.87,420.11,0.72
2021-06-17,70.78,71.48,72.1,69.54,343.67,-1.63
2021-06-16,71.95,72.13,72.74,71.42,281.18,0.13
2021-06-15,71.86,70.91,72.2,70.54,195.7,1.74
2021-06-14,70.63,70.36,71.4,70.36,163.55,0.04
2021-05-28,66.1,66.68,67.28,65.95,186.24,-0.75
2021-05-27,66.6,65.93,66.66,65.23,113.06,0.97
2021-05-26,65.96,65.75,66.15,65.02,122.47,0.26
2021-05-25,65.79,65.76,66.18,65.14,229.42,0.02
2021-05-24,65.78,63.61,65.87,63.45,155.5,3.82
2021-05-21,63.36,61.73,63.82,61.36,187.39,2.29
2021-05-20,61.94,63.35,63.95,61.67,524.17,-2.23
2021-05-19,63.35,65.3,65.35,61.95,615.26,-3.28
2021-05-18,65.5,66.31,67.02,64.14,484.42,-1.18
2021-05-17,66.28,65.44,66.42,64.83,229.56,1.41
2021-05-14,65.36,63.84,65.6,63.35,246.22,2.38
2021-05-13,63.84,65.78,65.83,63.12,247.68,-3.42
2021-04-30,63.48,64.76,64.83,63.0,159.45,-2.16
2021-04-29,64.88,63.59,65.32,63.53,119.35,1.77
2021-04-28,63.75,62.92,64.37,62.54,127.27,1.51
2021-04-27,62.8,61.8,63.15,61.8,111.62,1.62
2021-04-26,61.8,62.03,62.18,60.56,103.53,-0.35
2021-04-23,62.02,61.56,62.3,61.14,104.73,1.11
2021-04-22,61.34,61.05,61.79,60.55,99.27,0.11
2021-04-21,61.27,62.33,62.47,60.79,123.25,-2.23
2021-04-20,62.67,63.53,64.38,61.49,476.05,-1.2
2021-04-19,63.43,63.01,63.69,62.67,279.37,0.38
2021-04-16,63.19,63.35,63.94,62.88,265.8,-0.5
2021-04-15,63.51,62.97,63.62,62.61,243.64,0.46
2021-04-14,63.22,60.52,63.51,60.43,318.18,4.95
2021-04-13,60.24,59.69,60.63,59.69,198.23,0.82
2021-03-31,59.18,60.4,61.17,58.88,145.02,-2.28
2021-03-30,60.56,61.92,62.22,59.95,134.61,-1.58
2021-03-29,61.53,60.94,61.74,59.42,142.06,0.94
2021-03-26,60.96,58.44,61.34,58.33,183.9,4.08
2021-03-25,58.57,60.8,60.84,57.46,198.97,-4.23
2021-03-24,61.16,57.42,61.31,57.33,190.27,5.85
2021-03-23,57.78,61.18,61.25,57.29,310.15,-6.14
2021-03-22,61.56,61.6,62.04,60.35,404.37,0.2
2021-03-19,61.44,59.65,61.8,59.01,723.88,2.3
2021-03-18,60.06,64.44,64.88,58.28,728.88,-7.07
2021-03-17,64.63,64.87,65.4,63.64,300.15,-0.35
2021-03-16,64.86,65.34,65.48,63.87,213.77,-0.89
2021-03-15,65.44,65.56,66.44,64.22,193.97,-0.3
2021-02-26,61.23,63.17,63.24,61.04,124.26,-3.15
2021-02-25,63.22,63.22,63.56,62.45,180.38,0.35
2021-02-24,63.0,61.07,63.28,60.77,149.43,2.56
2021-02-23,61.43,61.9,62.71,60.44,150.92,-0.44
2021-02-22,61.7,58.93,62.22,58.82,505.77,4.12
2021-02-19,59.26,60.18,60.32,58.6,608.59,-2.1
2021-02-18,60.53,61.71,62.29,59.81,538.43,-1.03
2021-02-17,61.16,60.28,61.75,59.56,383.87,1.8
2021-02-16,60.08,59.83,60.78,59.34,485.73,-0.02
2021-01-29,52.08,52.03,53.13,51.85,99.6,-0.31
2021-01-28,52.24,52.54,53.43,51.94,114.94,-0.93
2021-01-27,52.73,52.67,53.16,51.77,131.52,0.4
2021-01-26,52.52,52.81,53.12,52.2,90.35,-0.28
2021-01-25,52.67,52.08,52.84,51.75,94.9,0.92
2021-01-22,52.19,53.01,53.08,51.38,110.82,-1.62
2021-01-21,53.05,52.81,53.3,52.64,131.54,-0.49
2021-01-20,53.31,53.06,53.83,52.83,400.3,0.62
2021-01-19,52.98,52.0,53.18,51.81,533.78,1.18
2021-01-15,52.42,53.77,53.86,51.89,391.29,-2.24
2021-01-14,53.62,52.89,53.79,52.3,320.72,1.25
2021-01-13,52.96,53.34,53.94,52.6,269.31,-0.53
2020-12-31,48.63,48.41,48.68,47.88,53.38,0.27
2020-12-30,48.5,48.26,48.78,47.76,71.1,0.75
2020-12-29,48.14,47.87,48.49,47.82,61.07,0.77
2020-12-28,47.77,48.39,49.07,47.63,67.47,-1.2
2020-12-24,48.35,48.2,48.72,47.69,31.48,0.23
2020-12-23,48.24,46.93,48.6,46.3,78.58,2.29
2020-12-22,47.16,48.0,48.06,46.72,63.09,-1.69
2020-12-21,47.97,49.26,49.31,46.25,478.1,-2.58
2020-12-18,49.24,48.57,49.43,48.27,300.14,1.44
2020-12-17,48.54,48.07,48.8,48.0,243.86,1.13
2020-12-16,48.0,47.77,48.12,47.34,226.21,0.46
2020-12-15,47.78,47.18,47.89,46.72,219.99,1.34
2020-12-14,47.15,46.92,47.57,45.88,203.13,0.86
2020-11-30,45.51,45.57,45.98,44.64,105.31,-0.5
2020-11-27,45.74,46.12,46.27,44.77,77.04,1.69
2020-11-25,45.91,45.05,46.44,44.87,120.32,1.77
2020-11-24,45.11,43.04,45.38,43.04,150.46,4.23
2020-11-23,43.28,42.64,43.56,42.52,98.45,2.03
2020-11-20,42.42,41.88,42.54,41.61,276.34,1.24
2020-11-19,41.9,41.87,42.15,41.26,313.38,-0.26
2020-11-18,42.01,41.55,42.68,41.3,322.65,0.86
2020-11-17,41.65,41.65,41.93,40.81,236.67,0.19
2020-11-16,41.57,40.44,42.35,40.4,238.44,2.9
2020-11-13,40.4,41.21,41.21,40.33,201.43,-2.44
2020-10-30,36.15,36.41,36.93,35.57,125.09,-0.99
2020-10-29,36.51,37.76,38.1,35.28,185.12,-3.21
2020-10-28,37.72,39.3,39.33,37.32,163.97,-5.39
2020-10-27,39.87,38.95,40.13,38.83,93.88,2.52
2020-10-26,38.89,39.98,40.04,38.61,102.22,-3.14
2020-10-23,40.15,40.91,41.21,39.88,68.68,-1.93
2020-10-22,40.94,40.31,41.31,40.0,86.93,1.56
2020-10-21,40.31,41.45,41.85,40.07,101.48,-3.33
2020-10-20,41.7,40.93,41.9,40.46,360.57,1.56
2020-10-19,41.06,40.92,41.46,40.77,314.65,-0.15
2020-10-16,41.12,41.16,41.3,40.34,256.54,-0.29
2020-10-15,41.24,41.43,41.57,39.52,281.94,-0.24
2020-10-14,41.34,40.49,41.43,40.12,264.49,2.1
2020-10-13,40.49,39.8,40.79,39.65,248.71,1.91
2020-09-30,40.47,39.43,40.61,38.95,155.54,2.3
2020-09-29,39.56,40.84,40.94,38.7,152.53,-3.21
2020-09-28,40.87,40.24,41.06,40.05,61.39,0.89
2020-09-25,40.51,40.35,40.89,40.0,79.14,-0.17
2020-09-24,40.58,39.87,40.64,39.41,78.41,0.9
2020-09-23,40.22,40.03,41.04,39.56,87.56,1.06
2020-09-22,39.8,39.84,40.27,39.19,287.81,0.66
2020-09-21,39.54,41.19,41.49,38.87,405.21,-4.31
2020-09-18,41.32,41.2,41.72,40.52,269.71,0.24
2020-09-17,41.22,40.41,41.48,39.67,270.18,2.0
2020-09-16,40.41,38.65,40.59,38.62,283.42,4.82
2020-09-15,38.55,37.6,38.82,37.36,217.08,2.64
2020-09-14,37.56,37.6,37.97,37.12,185.19,-0.24
2020-08-31,42.9,43.3,43.89,42.84,77.85,-0.9
2020-08-28,43.29,43.27,43.69,43.03,102.45,-0.05
2020-08-27,43.31,43.78,43.81,42.68,93.85,-0.87
2020-08-26,43.69,43.74,44.05,43.32,80.8,0.09
2020-08-25,43.65,42.71,43.84,42.63,108.41,1.68
2020-08-24,42.93,42.72,43.13,42.51,84.97,0.73
2020-08-21,42.62,43.01,43.22,41.74,84.77,-0.47
2020-08-20,42.82,42.95,42.98,41.63,377.07,-0.67
2020-08-19,43.11,42.81,43.21,42.55,304.94,-0.02
2020-08-18,43.12,43.05,43.29,42.4,285.14,-0.12
2020-08-17,43.17,42.45,43.25,42.09,193.11,2.03
2020-08-14,42.31,42.62,42.84,41.93,180.37,-0.49
2020-08-13,42.52,42.88,43.1,42.37,179.53,-1.0
2020-07-31,40.57,40.65,40.86,39.96,102.57,0.82
2020-07-30,40.24,41.59,41.64,39.0,162.72,-3.13
2020-07-29,41.54,41.29,41.81,41.19,109.96,0.63
2020-07-28,41.28,41.88,42.12,41.08,74.0,-1.24
2020-07-27,41.8,41.45,41.99,40.69,119.48,0.84
2020-07-24,41.45,41.23,41.81,40.83,83.04,0.58
2020-07-23,41.21,42.1,42.51,40.99,104.7,-1.97
2020-07-22,42.04,41.68,42.16,41.31,93.95,0.29
2020-07-21,41.92,40.8,42.51,40.74,389.12,2.44
2020-07-20,40.92,40.77,41.02,39.97,329.77,0.42
2020-07-17,40.75,40.9,41.05,40.18,272.44,-0.44
2020-07-16,40.93,41.19,41.38,40.69,203.85,-1.14
2020-07-15,41.4,40.79,41.46,40.32,248.3,2.1
2020-07-14,40.55,39.84,40.8,39.31,238.3,0.57
2020-07-13,40.32,40.57,40.91,39.7,207.2,-1.08
2020-06-30,39.34,39.76,40.12,38.96,228.32,-1.18
2020-06-29,39.81,38.12,39.99,37.69,145.18,3.0
2020-06-26,38.65,39.23,39.5,37.96,130.78,-0.67
2020-06-25,38.91,38.26,39.38,37.32,136.44,1.83
2020-06-24,38.21,40.16,40.68,37.52,163.08,-5.68
2020-06-23,40.51,40.78,41.74,39.9,102.6,-0.54
2020-06-22,40.73,39.02,40.77,39.0,315.26,2.26
2020-06-19,39.83,39.03,40.6,38.51,497.18,2.0
2020-06-18,39.05,38.0,39.17,37.4,341.48,2.2
2020-06-17,38.21,38.21,39.01,37.48,289.58,-1.14
2020-06-16,38.65,37.38,39.36,36.67,299.66,3.26
2020-06-15,37.43,36.26,37.54,34.66,262.24,2.52
2020-05-29,35.84,34.06,36.11,32.76,162.34,5.23
2020-05-28,34.06,32.48,34.57,31.63,141.69,2.5
2020-05-27,33.23,34.54,34.7,32.2,127.38,-4.43
2020-05-26,34.77,33.77,35.16,32.9,137.75,2.51
2020-05-22,33.65,34.41,34.48,31.28,137.02,-2.01
2020-05-21,34.34,33.93,35.05,33.78,127.18,1.18
2020-05-20,33.94,32.41,34.22,32.11,128.95,6.2
2020-05-19,31.96,32.39,32.91,31.13,430.82,0.98
2020-05-18,31.65,29.81,33.1,29.55,561.53,7.22
2020-05-15,29.52,28.02,29.82,27.53,425.17,5.88
2020-05-14,27.88,25.97,28.27,25.56,413.44,8.57
2020-05-13,25.68,25.8,26.96,25.25,460.74,-2.47
2020-04-30,21.85,19.33,22.3,19.15,434.79,14.28
2020-04-29,19.12,18.01,20.36,17.4,380.71,8.64
2020-04-28,17.6,18.24,19.66,17.27,613.95,-2.65
2020-04-27,18.08,21.13,21.45,17.78,367.14,-14.8
2020-04-24,21.22,21.85,22.96,20.73,362.38,-1.03
2020-04-23,21.44,20.99,23.4,20.32,344.88,3.62
2020-04-22,20.69,20.26,22.79,17.43,530.4,78.82
2020-04-17,25.03,26.42,26.78,24.57,712.98,-1.96
2020-04-16,25.53,26.26,27.0,24.93,439.67,-1.96
2020-04-15,26.04,27.84,28.14,25.84,367.57,-4.96
2020-04-14,27.4,29.2,29.95,27.25,436.46,-6.36
2020-04-13,29.26,30.3,30.57,28.26,399.07,1.53
2020-03-31,24.51,24.25,25.73,24.06,209.61,1.74
2020-03-30,24.09,24.68,25.01,23.31,276.61,-4.21
2020-03-27,25.15,26.23,26.43,24.59,199.03,-2.18
2020-03-26,25.71,27.04,27.46,25.47,219.09,-5.34
2020-03-25,27.16,26.64,27.59,25.56,183.31,3.66
2020-03-24,26.2,25.87,27.28,25.44,191.67,2.83
2020-03-23,25.48,24.4,26.12,22.74,198.6,12.59
2020-03-17,27.33,28.99,30.61,27.06,520.08,-5.76
2020-03-16,29.0,32.69,33.8,28.5,443.05,-9.69
2020-03-13,32.11,31.35,34.38,30.8,355.35,0.41
2020-02-28,44.94,46.68,47.2,44.07,230.76,-4.97
2020-02-27,47.29,48.7,48.9,46.1,195.82,-3.25
2020-02-26,48.88,50.22,50.57,48.44,179.52,-2.36
2020-02-25,50.06,51.5,52.15,49.85,144.47,-2.95
2020-02-24,51.58,52.79,52.79,50.61,137.67,-3.59
2020-02-21,53.5,53.93,54.02,52.72,142.13,-0.71
2020-02-20,53.88,53.7,54.66,53.44,676.18,0.73
2020-02-19,53.49,52.36,53.87,52.16,655.5,2.29
2020-02-18,52.29,52.49,52.65,51.15,723.14,0.17
2020-02-14,52.32,51.73,52.56,51.55,281.39,1.28
2020-02-13,51.66,51.87,52.19,50.82,311.01,0.49
2020-01-31,51.68,52.97,53.42,51.09,154.05,-1.05
2020-01-30,52.23,53.1,53.27,51.75,140.67,-2.21
2020-01-29,53.41,54.0,54.39,52.87,110.23,-0.21
2020-01-28,53.52,52.72,54.08,52.72,107.71,0.64
2020-01-27,53.18,53.57,53.72,52.16,101.53,-1.88
2020-01-24,54.2,55.72,55.97,53.88,82.34,-2.54
2020-01-23,55.61,56.13,56.43,54.82,149.95,-2.03
2020-01-22,56.76,58.24,58.35,56.07,124.61,-2.77
2020-01-21,58.38,59.35,59.77,57.71,648.34,-0.6
2020-01-17,58.58,58.61,59.0,58.31,415.85,0.09
2020-01-16,58.53,58.12,58.88,57.6,426.33,1.19
2020-01-15,57.84,58.23,58.41,57.42,271.2,-0.72
2020-01-14,58.26,58.06,58.73,57.74,262.79,0.31
2020-01-13,58.08,59.08,59.21,57.93,295.82,-1.54
2019-12-31,60.77,61.41,61.61,60.43,91.86,-1.09
2019-12-30,61.44,61.49,62.14,60.84,88.44,-0.15
2019-12-27,61.53,61.51,61.76,61.06,71.75,0.08
2019-12-26,61.48,61.07,61.6,60.9,47.13,0.47
2019-12-24,60.94,60.49,60.99,60.33,34.21,0.98
2019-12-23,60.35,60.19,60.59,59.95,74.62,0.17
2019-12-20,60.25,60.84,60.93,59.85,201.74,-1.52
2019-12-19,61.18,60.81,61.4,60.69,426.34,0.54
2019-12-18,60.85,60.49,61.11,60.24,553.57,-0.03
2019-12-17,60.87,60.16,60.97,59.97,416.42,1.21
2019-12-16,60.14,59.83,60.29,59.62,234.08,0.27
2019-12-13,59.98,59.26,60.39,59.19,243.57,1.56
2019-11-29,55.14,58.08,58.24,55.01,123.68,-5.06
2019-11-27,58.05,58.2,58.6,57.46,86.58,-0.46
2019-11-26,58.32,57.85,58.47,57.66,76.46,0.71
2019-11-25,57.91,57.83,58.02,57.12,68.81,0.43
2019-11-22,57.66,58.22,58.56,57.39,78.27,-1.28
2019-11-21,58.41,56.91,58.5,56.46,122.17,2.46
2019-11-20,57.01,55.26,57.37,54.85,674.89,3.0
2019-11-19,55.35,57.0,57.21,55.16,566.26,-3.13
2019-11-18,57.14,57.97,58.17,56.64,420.05,-1.19
2019-11-15,57.83,57.01,58.09,56.53,269.45,1.67
2019-11-14,56.88,57.42,57.85,56.76,238.3,-0.56
2019-11-13,57.2,56.83,57.6,56.27,212.62,0.62
2019-10-31,54.25,54.99,55.64,53.84,183.13,-1.54
2019-10-30,55.1,55.62,55.88,54.58,235.05,-1.04
2019-10-29,55.68,55.88,56.04,54.74,107.44,-0.39
2019-10-28,55.9,56.7,56.99,55.68,88.18,-1.43
2019-10-25,56.71,56.13,56.79,55.65,60.7,0.78
2019-10-24,56.27,55.9,56.55,55.46,99.43,0.5
2019-10-23,55.99,54.31,56.1,53.69,123.07,2.77
2019-10-22,54.48,53.6,54.81,53.23,506.57,1.81
2019-10-21,53.51,53.83,54.17,52.85,509.43,-0.67
2019-10-18,53.87,54.2,54.69,53.44,472.56,-0.3
2019-10-17,54.03,53.08,54.26,52.73,316.37,1.09
2019-10-16,53.45,52.98,53.82,52.6,233.7,1.08
2019-10-15,52.88,53.56,53.84,52.46,239.81,-1.44
2019-10-14,53.65,54.97,54.99,52.86,186.99,-2.06
2019-09-30,53.98,56.39,56.4,53.89,135.51,-3.24
2019-09-27,55.79,56.3,56.61,54.64,162.93,-0.87
2019-09-26,56.28,56.55,56.65,55.25,140.39,-0.07
2019-09-25,56.32,56.45,56.8,55.37,119.73,-1.33
2019-09-24,57.08,58.21,58.26,56.47,135.65,-2.29
2019-09-23,58.42,58.98,59.11,57.13,111.66,0.57
